24572
23119305740002
35513705330005
79590602100011
70511405940007
662003550010
77001
315153705720022
314955
204578805740001
3838605940002
9001905330005
11953205940005
4342206310023
45996205740002
1345705940001
65249
206035605740001
10562908720009
399232
924340705760007
11995204320001
1363805330005
418485
1983297710014
26442808560001
2274805940001
6724005710023
1281105940001
98631904710001
219840005740001
204297
158299
14228805940002
33757
4138209910019
11354005740009
156244505740001
133846
18527105940025
598806910020
40587705940004
205896105740001
8278405330005
833805940001
362347
7917
426505740001
15553104320001
1182705740001
100213
214697505740001
5867294710013
847505740001
792905740001
779652
5684194710013
26704405740002
2633405740001
2554107730033
66469102100011
23457405940010
943499005760007
5692994710013
9043805940002
16175705990001
10016105940013
6810906310023
25365405990001
947275505760007
25357305230034
2997005940002
102904
106399805940007
29379505740002
4242905940001
97105740001
16203305740009
9333305940005
432862
15674505990001
95902400048
3467505940001
9162205940013
16203005990001
2042509910019
13202308310042
126540
4090397710014
80305740001
49720
954505940001
26485005990001
60928105940010
929453805760007
188482
20395407770011
912171805760007
924616805760007
155916305740001
913245005760007
10980905780001
11135604550006
334705940002
313800
5092897710014
78372
15428505990001
1109105740001
30052905510001
11744805330005
5715094710013
208875
7476504550006
217577405740001
915398005760007
12354008510009
2704106310023
431102300082
39806905940010
218922402100071
15024505940002
4264805940002
4306507760001
8699905940013
46044402100011
1738205740001
25771505940013
5853094710013
36820602100011
6117305940010
4334305940001
1309105180044
172705940002
27058108560001
15711105350015
40724
238270005740001
29087708560001
4295908310042
71373005940010
926166505760007
416522
5277105940001
17549605990001
910306310023
302859805710050
213186
329605940001
1899703730013
215654005740001
40847605350009
4566105940001
11354104550006
9001105330005
523405940001
5889594710013
8482606310023
3016505940001
275202
62843602100011
275318
24126005990001
18461
24616706310023
174279505740001
1536306310023
43223902100011
286805940001
2836705740001
12952505780001
44410905940004
2718404550006
171640205740001
25500405230034
15964008510009
27541708560001
24957405940013
214853405740001
28172905350009
4265305940002
158482405740001
4879305940002
63986
32057105350009
942207760001
2555705940001
830005740001
61807102100011
25558505510001
40991502100011
797763
65936605940007
12134505940005
1145805180044
18283305990001
311917905720022
11890005940013
32852805350009
305704
37166602100011
3323097710014
943770505760007
17792604550006
54783505740002
17993105990001
6141105740042
58120602100011
9430805940005
21405940001
803006310023
27305940001
17792
202830005740001
841105740001
5879794710013
6147505780001
2400105740001
32469405940005
231690705740001
43516
234481205740001
86426805940007
1078777
18160207770011
27121705510001
151277
488888
56168
6326597710014
32442105350009
215016105740001
3748205940001
9048705740009
120638
56106
3917097710014
1329305940001
3549297710014
3949804550006
16957805990001
242305940001
316699005720022
4156406910019
2421805940001
65992
10213404320001
25341005230034
915230305760007
44049305940004
4129105940001
9400805940005
1003709910019
219684405740001
7096097710014
50096
15968604550006
6799305990001
1120305940001
2829105740001
10958404320001
20439405990001
9505208310042
606805740001
1072205740001
127998804710001
78505940001
4730705940001
130691704710001
5256405940004
133045604710001
155238705740001
9094605940004
30633605230027
28346405990001
10803005940005
11594494710013
13795504550006
10229005330005
46927402100011
31471705940013
123877
294705940001
7073694710013
20681805940010
63208370005
1235603550020
3939605740001
14787405990001
205480405740001
8912705330005
12691605330005
3761405940001
160406
205267205740001
22675405940004
315083405720022
2926506310023
205086305740001
204622905740001
2585305510001
257092
5708794710013
76768802100011
15911904550006
19552408510009
2042687
6083402100032
40817808510007
11405104550006
133276
827225
206874805740001
155590605740001
131534
458298
131409404710001
11498604550006
4674605740042
9435206310023
22781105940004
1581105180044
1102105940001
5226808720009
73755705940010
1975605740001
3188105940002
260605940001
85067305940007
13743008720009
21389905940005
5265105720002
315075205720022
3326805780001
21591405510001
173693505740001
260564897710001
3392605940002
559305940001
53039602100032
214696305740001
905121305760007
226382905740001
6160494710013
5295197710014
5712394710013
27795405990001
340705330035
919839005760007
61916
146159
3367005740042
331949
30003
8678704380002
308805940001
89482
262363697710001
2551005330005
26969305990001
28408805510001
1281805940002
2750605740001
39303508510007
218770
1555105740001
29926005510001
40599902100011
477605940002
455761
2252205940001
28712908510009
8732105940005
10408305780001
33061305940013
25880805990001
186902400048
4658505940002
395805740001
14897205940004
356395
22992005990001
53190
25787805350009
11261805710023
2156993
30933405350009
15084208510009
21995304320001
7277907770011
3747405940001
21353305990001
140348604710001
622505940001
858646
135404504710001
14713008510009
131469304710001
224264705740001
4345205940001
364989
19170
13601206310023
37144202100011
272241
734651
6300209980001
310879
940907405760007
5635097710014
893205940001
337805740001
3846305940001
30273708560001
204901205740001
19985305990001
3082405740001
125062
22435305740002
12280905330005
7000105780001
155744105740001
2366606310023
174291105740001
5392094710013
9735205940005
917468005760007
84845405940007
844306
308311005720022
18520806310023
205425305740001
1706405180044
2185006310023
3784902100012
32614705940004
3401297710014
6313297710014
351705940001
22343597710014
25549305940004
4838405940001
1443505940001
75709
62398
154646
22820405330005
8519505990001
406025
2033105940001
3993005940001
314091
175145
28303105990001
2620705940001
271885
3849706310023
155920305740001
10996205740009
38996602100011
5859294710013
3327505740001
6519405940004
12006605940013
15345805940002
35604805350009
263336897710001
6015205940004
9307
3631205940002
129193904710001
1610705940001
33885
9180505940005
1143505940001
3255205940001
596707760001
79279502100011
766451
22721305990001
646005940001
14694605780001
11592404550006
3206905940002
88802300082
9294505740009
116405740001
26270708560001
16586205990001
33873605740009
6095304380022
419633
5278705940004
7384406310023
23347205510001
2165205940001
4692005510001
4201905940002
2393462
216998002100071
1640005940001
128217704710001
117705940001
25527307760001
63134_cbbf2072
127038
44703002100011
3360997710014
78871
216684005740001
22441905510001
81305740001
26237108560001
4748805740001
5588805940004
135205940001
1765106310023
3930305940001
68892402100032
1668205940001
1829305740001
155874005740001
25528505350009
219013905740001
3918505940002
90605740001
4225905940001
29404907760001
21667305990001
53083905740002
58273905330005
2832397710014
16300604550006
2906805940002
26873708560001
21285605990001
1970905940002
10169105940013
13960905940002
215948605740001
11827505940013
311325005720022
24735505350009
25602505230034
14211105780001
17065504550006
1704805180044
30653205350009
23440105940010
2612905350015
42222205940004
4147905740001
237040005740001
1218305740001
48492602100011
51882902100011
56812402100011
364205740001
10113906310023
27780005940013
230758305740001
947280205760007
1911897710014
4259904550006
248603550010
8307904550006
13013308510009
6305694710013
78985805940007
26040408560001
12808205940002
386893
21999505990001
19585305990001
11731694710013
2239283
17627
19992506310023
25701505990001
264652397710001
192041
1438005180044
4096905940002
10758005940005
3890405940001
36608205350009
1477305740001
23626505990001
12288704320001
5778494710013
27263905740009
28751305940004
357605330005
4409505940002
8621305940005
275419
254604597710001
59179205740002
440912
314147005720022
914210705760007
11564405940013
4472005940001
214649305740001
67748805350009
167205110005
95267
2608805180044
203373805740001
8673697710014
2989605740001
1225305940001
19122205940004
21985305990001
38068
24629205990001
907451805760007
75868605940007
155808705740001
219801905740001
20414705990001
17207205990001
3267906310023
7808606310023
1006105940001
14835304320001
21235905740009
82205940001
126119904320001
306600
284805940001
8870106310023
77684
841305740001
19166805330005
6957405990001
1012106310023
25843805330005
284188997710001
1489305940001
208891
220496
3979805940001
31702705740009
504189
1313608760018
10398605780001
25905805990001
154686504710001
7591405940005
20186707770011
338205940001
56967305740002
2113771
5745494710013
280324
1287305180044
2172202100012
28663205940005
44185402100011
9904105940004
67935905940007
381889
582505940001
1064305940001
4233705740042
4072806310023
5437094710013
4288505940002
64083
6160894710013
27310705990001
5716694710013
8620405940005
3795505740001
13795904550006
1476205740001
214727
51404902100011
1056305740001
219314805740001
316312905720022
215573405740001
933366405760007
10705940001
8656305940005
129441204710001
259405740001
364978
34216505940006
2947106310023
24991805940004
103200
854111
1339805740042
37297705350009
23629605990001
516205940001
3983497710014
162023504710001
67970402100071
4031305940001
218836305740001
3146005940002
206872105740001
7300107770011
37027
38550205940004
8704805940005
208613802100071
42063
3799605940001
5785494710013
157477
54268102100032
3793805940001
2495005740001
29442005940013
1889305740001
11913794710013
13136097710014
648105740001
5399005940001
75234602100011
322435
92172405940006
10279705940013
26054908510009
28153105940004
5929507770011
9726305330005
25598505230034
7228605170015
28913105940005
3279205940002
2876605940001
51411
38741302100011
21486105990001
3863505940002
4377602400048
2105509910019
51234
16251205990001
267363197710001
448342
2087397710014
7997002100032
4738406310023
20444208510009
472051
1165005740001
43647
12641605940013
104302404710001
14556004550006
4229205940001
83302300082
35059408510007
3973905940001
1091405940001
11260905940005
22911705990001
2389705740001
15560806310023
52370002100011
12332705940004
3430105740001
264502797710001
364499
2083805180044
206720105740001
10413204320001
5433494710013
596605740001
579951
25353005230034
21974605740002
6178305330035
300905740001
19647805990001
9259406310023
500949
4774407760001
7162994710013
54761202100011
1745805940001
934911905760007
3613005940002
25399908560001
5551405940001
10287205940004
20854605990001
3807605940002
565805940001
10304105940013
171779
219420405740001
31450
14142005940002
5680006310023
2979905940002
29894805330005
593805940001
20016505940004
74505940002
854132
228363002100071
392208370005
9307705940002
155171705740001
36554802100011
162991
212405940001
16183204550006
10695205710023
1754805940001
113019
23852105990001
2447838
3437905940002
155432205740001
21641405990001
202624805740001
435612
1787105940001
289805940001
461038
14569605940002
20337905990001
932230005760007
4519705940002
43821
256860597710001
5217705940004
237805940001
2956204320002
562505740001
3211805740001
2609605740001
8583405940005
1981697710014
8690104550006
26514305990001
267705940002
14155005940002
336828
932102705760007
91583205940006
210693702100071
391393
76562102100011
21668105990001
986805940001
327102300082
21667405940010
48200305940010
7339305940005
24596005990001
19115505940005
87416205940007
68117702100011
49320102100011
2922905940002
56616
2890007760001
48808105940010
108471
5218705940004
202961
172650105740001
10341205940013
8735105940005
1956105740001
25691305990001
41328408510007
68391902100011
1808406310023
44924502100011
8464305940013
17958704550006
8272305710023
221019105740001
10160705940004
26043305990001
26528705990001
3867505940001
225942305740001
128288804710001
5705740009
216438305740001
219887
6778008310042
133352404710001
45530705940004
210592205740001
682705940001
28112107760001
1603105940001
46306802100032
20449505990001
27822205940013
57650
13543206310023
711605940001
5244206310023
25213705330005
160619
16450
918399505760007
19129305990001
1256005940001
680504380004
1164705740001
6167005940010
7881405940013
725456
25177205990001
3781405940001
1752307760001
264890
33752905940010
231895705740001
4837602400048
453915
25655505230034
26525605990001
916785405760007
12319305940005
193517705740001
298095
1701705940001
232907760001
3924805940002
945805740001
16156404550006
1636605180044
150649804710001
3511105740001
3777205740001
20455405990001
1145205150010
107005940001
9752007760001
986405740001
20013407770011
1079449
8816205330005
1322105740009
17368505350015
1992505940001
8945705940010
36919005940006
155500005740001
6164994710013
239386805740001
30646705740002
5872705720002
17564007770011
1861904320001
53077402100011
16865405990001
46847802100011
146196
1106605740001
72938502100011
352
13096
27108805740002
1974004320001
365520
203620605740001
54665
30921
1371705740001
3761505940001
1555005940001
5817594710013
5950203550010
3013905940001
1201005940001
192123
92109805940006
176305940001
4887305940001
5656305330005
997438005760007
224618
860105180044
8129505330005
43398602100011
6307494710013
63343
2678997710014
805634
265044
2387543
46621102100011
216229505740001
24401305990001
10300505940013
9320105940005
31606305940013
5463894710013
6229505940010
23320105940013
9193605940005
22670405990001
3721605720002
908033205760007
9714
63526005940010
24242708510009
1696005940001
204826205740001
761746
7254103730013
679205740001
38835402100011
15138105940004
230834905740001
662005940001
40763802100011
45764002100032
230292105740001
3473205940001
2164377
19502105990001
2900006310023
219018705740001
71222302100032
5420905710023
5691194710013
25757705990001
202617105740001
96806105940007
23327905940010
5431994710013
15930006310023
27276405990001
916377905760007
909492205760007
4716705940001
92405940001
865705740042
27800905580006
367145
141175
1715905740001
1189903730013
23908305990001
1508105940002
14214705940002
20584705940013
32840105940005
131986604710001
671005940001
166428305740001
16186705990001
3808905940001
2349197710014
413050
63369205940007
846363
218105940001
844827
39846705940010
3452505940001
163780
5115605940001
142405204710001
9260306310023
10678805940002
4588705940001
182403730013
208719405740001
50946205940007
915361605760007
206255205740001
1272603730013
1281005940001
2944005940001
297316
3814805940002
10648605940005
2564605940001
28358405990001
26375505510001
26766005990001
11845205940013
73887205940007
20782405740009
392605740001
2431997710014
2725105740001
534705740001
500077
11750994710005
5815994710013
197864
1603205940001
142205
462305740001
2382406910019
70697
26191108560001
216208370005
408922
885705740001
2179105940002
2243705740001
2261505740001
43027402100011
156111105740001
3399005780001
7078894710013
54782405740002
22305005940013
21869405990001
1938606310023
20297807770011
1073303730013
155226805740001
6042105940010
37170905940006
326605330035
16257806310023
62981
11964306310023
346055
922888305760007
12215104320001
714705740001
447533
570505350015
314761705720022
11676997710014
23470105940004
1872704320001
40305740001
6314105780001
62486902100011
3139405740001
18506007770011
426958
209118505740001
10862205940005
218178705740001
314605740001
127808
27211605940005
20530105740009
3948805940002
28967
1023105180044
25232205510001
67468505940010
20313108510009
22392205990001
2182105330005
126121604320001
1103107760001
4127505940001
36392408510007
16122504550006
364004
3314505740001
155111605740001
328119
2812905740001
7986605940005
8394006310023
160167
16115105990001
997205940001
44446
29162605940004
36630303550009
18963405990001
9386005940005
8558205940004
1944205940001
70905702100011
129805940001
35311205940004
374005740001
453707
2455504550006
23205940001
156701705740001
573705740001
40668705350009
22549505990001
134958
11757494710013
173109005740001
927705940001
3782705940001
108605940001
4166705940001
278075
7072705740042
4244405940001
80802300082
12821705940005
10680005710023
2095406310023
4452105940001
24940705990001
25355605230034
23115405990001
430911
22299805940010
10426305940005
3295606310023
29512108560001
29428805940013
951905180044
6043705940010
4911905940001
118405110005
162761805740001
10976505940005
7548206310023
5393094710013
916005740001
228334205740001
5866794710013
1296705740001
1705606310023
2855105740001
9935905940004
406072
1218805940001
36493605940010
3784205940001
11367
6968006310023
201005940001
997105740001
418513
23392805940013
144923
972
162305740001
7285006310023
1206705940001
1963405180044
29150405940004
3021805740001
8634705940013
3415405740001
1222405940001
219635205740001
207548505740001
153106
11079905940005
1169905180044
457624
132679904710001
3645405940001
44356905740002
4627705940001
10461297710014
201880805740001
565305110005
4752905940002
193774605740001
19842605940005
1489005330005
3594306310023
4283405940001
714107760001
6545705230027
7927897710014
21698905990001
11315505940005
212134802100071
75627805940007
28961104320001
241005740009
3002405940001
216939
70643502100011
227692505740001
5664505940004
20600102100071
6625405710024
35391205940013
163002
3600605710045
4694305740001
5825294710013
6951
188082
207760905740001
172105940001
26922205940005
6185505940010
269702
3919905940001
130019
21458005990001
418667
784505740001
24105305990001
164175504710001
1240705740001
144171
2967505740001
39161002100011
22337905330005
20421205990001
20673303550009
41515802100011
24384605990001
4946505740051
26455705940005
19231107770011
209994805740001
304733
4423105940001
856605780001
1487505940001
212014502100071
266118497710001
8068105940013
310822905720022
31710505330005
9103905330005
694705740001
39397
22843405510001
673319
971705940001
19148207770011
209351005740001
9864705940013
42775805350009
38276005350009
254867297710001
9984705940004
1419105940001
180519
174225505740001
710505940001
65521902100071
25708905940013
1014905740001
308414105720022
91205940001
690803550010
29176405510001
19109007770011
12962
206324805740001
52714
20626105990001
5675005720002
300679
7112294710013
12288205940005
377025
10135906310023
5575705940001
124095
25890805940004
12156404380002
10499904320001
34505940001
221929805740001
622408370005
56074102100011
34942208510007
32092605940005
11740504320001
11723305990001
3171105940001
3335597710014
5435994710013
30619
209615405740001
40430
15974605990001
10722304320001
6484804380022
124413
2932197710014
46309202100032
25193705990001
4572797710014
216028705740001
109173
37389
316772805720022
10187804550006
26944005990001
122370404320001
4283005940001
357249
15903104550006
4709305940001
127270
73546002100011
22849905990001
21043805940004
202614005740001
204974705740001
261091197710001
204441705740001
555126
20323905990001
27643305990001
2210905940001
35867508510007
16769305330005
224600202100071
446658
155959305740001
2018905740001
24194105940010
2562905940001
5721894710013
218315005740001
503826
174440505740001
7395707770011
4276405740001
209030705740001
1116905940001
21364205990001
2146706310023
407611
4311705940001
2043405
226234005740001
344641
132486004710001
173697905740001
226639005740001
12206904320001
35817705350009
476288
7598
130346304710001
3927605710023
4468305940001
25685405990001
558405940001
17589605990001
25271708510009
11849506310023
4758205940002
45800
1351605940001
420274
818805940002
114392
218208005740001
54141702100011
1605403730013
46163505940010
605805940001
23266205940005
6376294710013
211238205740001
14724305330005
213258605740001
1984105180044
11089604320001
12289804320001
707905940001
21443705990001
6375894710013
981105940001
2182605990001
2700105940001
8945205940005
4324397710014
69505602100011
907026205760007
10729004320001
29757108560001
5745794710013
221937805740001
5857194710013
4383205940002
690706310023
11752608310042
3505005740001
3210305740001
271305940001
33702
18497205990001
5430394710013
218551205740001
3240705940001
183805740042
464005740001
445002300082
8692305940004
218533605740001
9508905330005
29067708560001
990105740001
172904740023
8723505940005
5040805940001
37586005940010
155239505740001
261096297710001
6299305940004
1352205940001
298729
215954105740001
1165205940001
207673205740001
21427905990001
14436507770011
32385308510009
2328504550006
22946105940010
5416594710013
217929305740001
258808370005
9243903730013
34287408510007
386104
8527905990001
357407
128157804710001
47414
4656305740001
3816005940002
1527605940001
3931805940001
2344248
5860994710013
210631405740001
3775905940001
2476505940001
2219119
152543
50930202100011
38246002100011
12631703550010
152971
17036507760001
1661906310023
46430
977206310023
2425653
4154205940001
3797505940001
23859105510001
32585705350009
1991005180044
20925505990001
35276605940005
42810702100011
327205940001
4340905940001
4247005940002
212885
9430005330005
171952
89
37220505940006
1029205740001
4537005740001
14056505940005
29695805350009
9444605940005
937505740001
415690
1821905740001
20177005990001
17589007770011
22424202100102
85859705940007
4524405940001
228337
2295205740001
3795602400048
5351905710023
9800005940005
1369205940001
33002300082
5250105940001
414968
471005740001
894305740001
41369605330005
4302105740051
183157409980001
73721402100071
3610205940002
17953005990001
981806310023
20084_566162c5
40000008510007
5569905940001
209263005740001
4867205940001
3799505740001
8892605940001
410805740001
257405940001
2320505740001
310978605720022
4756805740009
155248705740001
2521705940001
563975
564905940001
57080605740002
44787205940010
250708370005
6561805940013
934708105760007
4542404690009
13589805940004
40982508510007
4039107730033
240908305740001
7951
1353007760001
17730208510009
208099005740001
359344
6491897710014
11979908510009
40930905330005
87117
92212505940006
448414
916849905760007
173842805740001
27788005740002
174242805740001
205902505740001
909248405760007
58423805940010
92189605940006
7736305710023
33980205350009
10715004320001
4131597710014
9634205940005
30594905230027
31200305740009
37197302100011
2285405740001
5717594710013
7374205940013
936895105760007
10459905940004
2373705940001
60852
369470
7232797710014
6193794710013
211258305740001
45503
2133445
130474
66592202100071
13401802100032
9930205740002
72727905940010
3821305940001
76218
50509205330005
7404197710014
1815705740001
3144406310023
2216129
2649706310023
11501604320001
1087005940001
1217108310042
6130302400048
41858602100011
21174905940005
503387
16352008510009
52885
70557102100011
4733305940001
314716105720022
855205940001
17122805990001
121546
471724
2320605940001
124504
1560705940001
1379006310023
14440904550006
13102905510001
3602205940002
3548903550010
9450105940005
384489
33576
644379
265723
29315204320001
2829506310023
16053507760001
216835805740001
33047
13258205940004
268375197710001
10798905330005
398029
1848605740001
3788506310023
140111
155232505740001
5338507770011
21279005510001
7275305710023
161415
61808702100011
146407
953616805760007
158744205740001
1132705740001
20565305990001
2505105940001
25394205990001
2395905940001
217770305740001
10745105940013
220838105740001
23913505990001
260268497710001
3000606310023
593690
4143107760001
12020805940005
13736307770011
299402
2996706310023
17330205990001
3895105940001
18674705990001
17434105430003
54737602100011
10714905780001
7551402400048
15384605710023
414243
7814505780001
37229005940006
842521
927297005760007
646508370005
2210380
64207402100011
3727105740001
198279
30439008560001
932239005760007
42099902100011
511205940001
204113905740001
6985297710014
8113106310023
314361
380503550010
25445305230034
4234105940001
43974102100011
34226
223355805740001
2950205740001
66516505940010
28024505940004
57136105740002
184405940001
2672005940001
530892
24382005990001
36501405330005
184061
1040703730013
11164005330005
24998805510001
215906505740001
4401305740001
16562805940004
4015005940001
400420
11056205780001
1867205740001
14300205330005
6450607770011
216465205740001
35362908510007
312852805720022
592205940001
743306310023
6538297710014
4215602400048
1775705740001
50611902100011
1543905180044
1754205710024
176105940001
36908005940006
5393594710013
2727904550006
929971205760007
2920605430003
227023305740001
88134105940007
203246005740001
44741205330005
5450594710013
410886
37949108510007
21201505990001
23795105510001
530702400048
3395305940002
11728294710013
9274
174986
837305740001
1345805740001
1127205740001
3307905940001
1990805940001
42002902100011
577805940001
3486605940002
3892905940001
5005940001
206323005740001
206076205740001
209415805740001
5694405940001
352796
18867
25823108560001
22180505940013
2655406310023
214419
22290005940006
191470
387205740001
134797604710001
303023
22979905990001
29705940001
4456705940001
43110005740002
4464406310023
966505940001
6154994710013
140267709980001
219125405740001
56622
6268205940004
2104005940002
11411608510009
109776
16877805990001
155856305740001
916421505760007
3494505940001
7572197710014
174205740001
1123405740042
173840305740001
218094405740001
56805740001
54970902100011
19928105990001
26515205990001
7278105940005
918605940001
27453405990001
14410605330005
17261905940013
755805740001
203238605740001
202884
381577
9155606310023
48836805940010
227397205740001
45728502100011
1102705940001
26005305330005
37193505940006
1438905940002
4362505390009
6533494710013
5879606310023
16696
155407905740001
129836104710001
24926405990001
500098
259395397710001
3782905940001
11164104320001
12072805710024
1310505940001
29578305940013
40310205940010
155595505740001
20493804380022
5808605940002
53368802100011
229912305740001
3431105940002
3203205740001
7070294710013
131344504710001
744205940002
46418102100011
2193705940001
40623402100011
42736702100071
5397394710013
936905740001
19590205990001
254470
130027
227065202100071
24468305510001
11060805710023
67063502100032
37866102100011
197950305740001
2583906310023
10427197710014
1715605740001
34194408510007
345447
174768
1221905940001
204325505740001
12799305940005
23508408510009
17731004550006
3167605940002
6108605740009
5877194710013
8489106310023
2261605940001
23626405990001
8877705330005
2473005940001
574438
1130605940001
155245805740001
47585
1310005740001
30881405740009
36107802100071
2079805940001
95195705330005
2882505940001
43568105940004
1722705940001
23195805740009
9037305940013
4532405940001
4715505940001
1973807760001
3160306310023
77100502100011
21779105740009
470797
2401405940001
944604605760007
8736005710023
217961505740001
265901197710001
908404505760007
3758805720002
11715805330005
55136402100011
1227705740001
1669905740001
2023604320001
457617
1537805940001
65203005940007
19886305990001
4805205740001
1263705180044
996405740001
30604405230027
30428705350009
294505940001
208796205740001
29805940002
27755008560001
4671405740001
21768104320001
121702
226738805740001
8543705940013
14175305940002
12247705940004
221052
2056505940001
93805740001
333905330035
88938905940007
107084505940007
29265
256405940001
8695705940013
238110405740001
137505940001
633805940002
14628005940002
452921
4097805740001
3239605940001
31267405740002
38207105740002
7071305980001
29713905580006
18278905990001
301004380023
2164289
224447305740001
906918905760007
1088805740001
12727305940004
263105940001
8653005940004
71680205350009
7008305510001
97286005940007
4602305940001
11873905940013
505746
927205180044
213001705740001
2131102100032
128788
68029505940007
4141005740001
267416897710001
27882605990001
423582
297849
810160
11091497710014
206037508980008
697905940001
4230905740001
1114805740001
11231804320001
58197002100011
9659105940013
109443
29040
831805940001
289115
31653805940013
7104094710013
56695705740002
504248
25421005230034
1811803550010
15413803190018
7183604380022
2519405940001
27949908560001
76592
28023705990001
174244005740001
1389505940001
15508704550006
932652205760007
2573097710014
231337597710001
26973005940004
694708370005
707005740001
25439005230034
2462305940001
4520704380022
29860204320001
4284005430003
248405740001
215277705740001
10631108720009
18328305990001
26621405990001
156102505740001
578505940001
9044305940005
155407005740001
50011
5713705940004
18374005330005
5560805780001
36624305330005
9709206310023
1630305940001
357830
42303402100011
563005940001
151305740001
156172605740001
3420405940001
3784005740001
648105940001
155592
2921605740001
19473005740002
510905940001
44770008510007
313395
232949205740001
213441305740001
822906
4161505740001
700305940001
4938805330005
216579105740001
25683105230034
3598005940001
907196605760007
49198602100011
3917905940001
5136506310023
23884705940013
433762
903291905760007
173928405740001
9046705940005
25632605230034
17235
8001705740042
5854394710013
205516305740001
262678297710001
17427905990001
45862705330005
41121702100011
38972105940004
5098705940001
54063702100011
1946404320001
13121905940005
32012705330005
5502305940004
1349105740001
4645205740001
924397905760007
25748908560001
911208005760007
5876694710013
5689694710013
1305605740001
3280205940001
1764005940001
1607905740001
11226805940013
13246105710023
347166
456062
838705940001
905529405760007
5822494710013
204159105740001
211749105740001
82246302100011
301884
33348405740002
672905740001
11961305940005
28355505330005
10843097710014
104893305940007
3504205180044
4891403730013
2949805940001
9467105940004
48814402100011
127989504710001
924225505760007
3013905180044
155710205740001
3286205740001
694505940001
63103002100011
236333605740001
120765
5393394710013
4750005180044
58243505740002
6191405940010
4566603730013
3132005740001
28356005990001
76516002100011
1610105940001
53330305740002
40369805350009
32162105740002
18613
11585704320001
6499505780001
42897305940004
228821702100071
16195
67087505940010
34163008510007
223131505740001
209231705740001
99232705940007
17549505990001
4604805740001
4292706910019
5400505430003
125444
6443705940004
10766004380003
1149705180044
1066783
8225705940013
60203302100011
6496702400048
5689094710013
7357203730013
1417005940002
2522797710014
5864794710013
10666505940004
21956005940010
27130005990001
25124405990001
202620905740001
4498905740001
6535894710013
127905940001
24700205940013
2277006310023
384357
4742105940001
201313005740001
51021
17946405710023
1553605740001
1136203730013
25063005990001
212502705740001
2978405780001
33821605510001
221604205740001
817764
3355806310023
4452205940001
39685702100011
275262
9253205330005
324653
3262605740001
1251805740001
1337005940001
160830
34717505350009
65139702100071
4631205740001
21369805990001
129118004710001
227288805740001
698305740001
16156302100012
1415603730013
530505940001
46770702100011
10109305940013
218139705740001
3901605940002
173259505740001
205902105740001
54931902100011
353302400048
999705940001
7717904550006
46664005940010
28391005990001
134135904710001
96557
4088497710014
407054
155578605740001
386413
2517805940001
23106205990001
2252205740001
37140005350009
34227505740009
656905180044
49247
215991405740001
26573405990001
91995605940006
20575903190018
56204205940010
3317406310023
11705994710013
1499509910019
9710908980008
2871897710014
4158505740001
41199502100011
19559207770011
1310005940001
9792005940013
23910205990001
259305940001
10915204380002
4378105740001
3220804550006
4724505940002
4366605940001
3670404380002
10729804320001
12464506310023
20339405990001
234712105740001
3940205940001
10688205710023
6809404380002
4746705740051
4064005720002
211808
3253105940001
39830705940004
44299
18959905980001
3036405740001
322005940001
62110
9496005940005
23131805330005
4913905740051
5081705940002
1066205940001
1526705180044
2151705740001
3042605990001
1058705350015
96406310074
25170405940004
47171
3874405940001
21582905740009
21811404320001
58242
754605740001
4010905940001
133612804710001
4250004550006
914405740001
27347105990001
217494705740001
12005805940013
24565205990001
16530005990001
1121205110005
3092005940002
51923802100011
4381905700014
310905940001
1444405740001
447396
219651505740001
4005205740001
4287806310023
12559397710014
128695104710001
142605940001
27194508560001
5881394710013
34114905940004
4873105940001
4022606310023
5390894710013
10784907770011
98305740001
415640
2541605740001
155299
178675802100071
2087705740001
8570505940005
4125305780001
720005740001
1004105740001
254585697710001
179505940001
25888205740009
394210
73315202100011
851080
62289105940013
915720405760007
10048905940013
209446705740001
63044805940010
3305705940001
12146105330005
1388005940001
157356
25515108560001
20665206310023
846205940001
2242806310023
4659105740001
41146905940004
1353505940001
38524305740002
5069806310023
89056105940007
1054605740001
82862305940007
908905740001
29028907760001
11517305990001
198375
5712705940001
929272205760007
211571605740001
205900105740001
413976
173728805740001
217736305740001
15791305940005
1979605740001
8415505710023
173721205740001
5257505940001
2324105940001
125712
9715305940001
137169304710001
4349905940001
6311906310023
23023905940004
22704905940004
5731094710013
140277
110610
1226105740001
59038302100011
31532905580006
41882402100011
1401805940001
1678205940001
2961605940002
215197505740001
84356
1360005940002
920955905760007
4036105740001
6631
68037102100011
78141405940007
2114305740001
261324697710001
347547
3083305940001
11719594710013
46449
647905940001
19385505740009
107954005940002
23987805940013
19897207770011
546608760018
105308370005
12787605330005
13566404550006
211779705740001
1308305740001
209624205740001
4405205740001
11487
9772905940013
907828505760007
4469906310023
202961805740001
1096708760018
6295805940004
757505740001
18133205990001
14769108510009
20542905940013
6470506310023
73848502100011
3361106310023
4266405940001
1340005940001
25398805230034
1574405940001
4359805940001
136405740001
2574305720002
22470004320001
139370104710001
88203550010
3420905740001
71938002100011
9416604380002
2164705710045
37105205940006
23920605990001
928916005760007
5329305940004
17758505940013
5694994710013
156073405740001
1670205940001
4836505740042
9250205940005
4488105940002
4139207730033
97
839605940002
334507
2072705940001
411005940002
13299808510009
1780005940001
5832194710013
7696605500010
17189605990001
3338405940001
17005940001
67794902100011
66300902100071
3359505940001
44564702100011
9087606310023
1078170
443382
4397205940002
12963307760001
9208805940005
446823
16582905990001
70530802100032
156107505740001
2235305940001
173938405740001
4930305740002
19410405990001
5814394710013
25488005990001
153600
3793705940002
1772805940001
284405940001
57097505940007
28067405330005
549398
5491505940004
364530
5595205940004
121451
1932105740001
4692805940001
908770505760007
11594204550006
71459005940010
9826006310023
926246805760007
3142105940001
258217097710001
11881405940013
135717_8fa8bfc5
45343602100011
1109105940001
29003108510009
1178305940001
11176103550010
22936905940013
141990404710001
10416403550010
200130502100071
465471
203578405740001
10751605940013
2608306310023
12410605940005
18925505990001
171644005740001
43929502100011
2310305940001
137588
698303550010
870805940001
25475508510009
10556205940004
2747005740001
14240105330005
144052804710001
155089404710001
263752997710001
15110104550006
18836306310023
2884905940001
17526
72927902100071
224185
36842
26100205990001
1537706310023
1076805740001
5742694710013
35672905940013
52615102100011
1792905940001
261049797710001
8586305940004
300506
22139506310023
60031302100011
134540
455245
1979508260009
2312005180044
89357
74075502100071
72123
14070705710023
2850005940002
4121005740001
42806905940010
2425505720002
1897605740001
220681005740001
9593305940013
17292202100012
25915705990001
5821804550006
48952302100011
3384205740042
23884505940010
181025
70327402100011
3131005940002
37854608510007
65259705940010
174053205740001
23104305740002
101102300082
4335905940002
60718605940010
26679705990001
6602105940005
6937205710023
2060804380002
317248805720022
4924705740001
16277905990001
17476
16796605700014
27869905990001
29276505580006
958305940001
288569897710001
478769
2468397710014
23901605990001
22725206310023
2654006310023
518305940001
16486406310023
24920805330005
85644405940007
12071305940005
1021705740001
6592005940005
27071505990001
10152706310023
8940105940005
28298905990001
3960506310023
476531
3716605940002
161631
4737505740001
5764094710013
6193094710013
12712304550006
207545205740001
3677505740001
4152704380022
479190
425000
18079904550006
164505940001
757505940001
52805940001
156100405740001
14880107770011
22805940001
225724005740001
3432197710014
72915205940007
13314502100032
74499505940007
14123405940002
11567994710013
65484802100011
1840405740042
1001505740042
8501305940005
70109102100011
922888105760007
28467205350009
7537205710023
260146597710001
80857102100011
1748704690009
35822005940010
9127705330005
26103105990001
3643105940001
3564005940001
8734
221294005740001
205775605740001
44288602100011
543185
6270205940004
3781605940001
4018502100012
12807504550006
16683505990001
4544806310023
198518
157328005740001
907544905760007
1778405940001
16772505700014
2124205940001
203916705740001
34609405940010
242194205740001
37981402100011
1900097710014
11981704380002
2857705180044
4091505940001
797005740001
230203730013
202815105740001
4013805940001
8802205940005
559364
38451908510007
328406910019
44699905940010
19470805990001
10991705940013
1602605940001
7083594710013
31609605350009
166430205740001
11396997710014
996505940001
77897802100011
3945207760001
22551808510009
4483605180044
6034205940010
173242
2117605940002
2462505940001
46263
856728
282236
22798305990001
2070505940001
1807805350015
15347104320001
424058
16453905990001
26241505990001
8805940001
6856797710014
37381802100011
842849
8389
4876805740001
5813594710013
93087
4534604380023
5737494710013
4392205940001
68802300082
267069
50108405940010
159275
16941005940013
1780305940001
492605350015
69323905940010
23839205990001
18316108510009
47804
969705180044
265945
11474105940013
1745105940001
11795208720009
2668205940002
5429694710013
3761405740001
1413306310023
25366105230034
22105940001
412862
3862605940001
524005940001
30609205230027
94230805940002
254413997710001
27908105990001
16773904550006
223094005740001
475295
2443483
3488305740042
1263105940001
8182404360001
155405905740001
33285
24672005990001
79339402100011
972605740001
934918305760007
17129705350015
253925797710001
275352
3335105740001
9766505940013
933134805760007
16825104550006
3292805180044
96705940001
20755606310023
72905940001
226749102100071
18661405990001
934605740001
2387687
64170002100011
204673605740001
2092805740001
972459905760007
1512905940001
502736
6867704380002
23281005940010
68351602100011
20767906310023
34802608510007
708405740001
19330805990001
5452705350015
20848805990001
54070605740002
1577306310023
226922605740001
11224905940004
45957
156111605740001
11512706310023
23661705990001
42405708510007
3849005780001
1044405940001
1184505740001
3071397710014
37183805940006
179542
152905740001
22101605940006
25798108560001
11020005940004
12456906310023
3560105740001
5367805940001
8621506310023
680505740001
12024107770011
42939802100011
283309997710001
2652905740001
52008005940010
2609305740001
66922602100011
5940005790001
1754206310023
3840905940002
2311106310023
10212205330005
11636005990001
1397905940001
4694497710014
5857494710013
3187305940001
21877405990001
204701805740001
43621602100011
26524305330005
1779705940001
4130005940001
336319
2623705740001
5887894710013
14922708510009
58949605940007
20208805990001
147403550020
940563805760007
40501402100011
4648205780001
4626605940001
2220904320001
5120405940001
961505740001
17055805990001
215624705740001
11229306310023
8035205780001
4442505940001
1067505740001
3917705940001
100517
406539
34512905940004
4363205940001
223911105740001
53061005740002
1056405110005
219027805740001
336005940001
1188805940001
31880005940004
221523
11400505780001
1206605110005
15049005940002
14710005740009
9281806310023
211751405740001
172929
3708205740001
41896802100011
5194305350015
586505940001
908035305760007
502005740001
3899505740001
16628508510009
11307903550010
22016005940006
7346504550006
4393505740001
2921905710024
296053
2538605740001
259495997710001
42875002100011
14543205710023
16759805990001
24333005990001
590405740009
173993305740001
31886605940005
215202505740001
13957005940002
10481705940005
2089206910020
5699402400048
226338305740001
457843
214398405740001
11665005780001
236305940001
126933
2702205740001
5195605940004
43387505350009
12348006310023
17862107770011
5889794710013
56152302100011
4660297710014
1047805940001
1409005940002
9061397710014
10947_fe2b404a
405835
28356605330005
7126594710013
189141
8788705940013
71563202100011
7967805940005
18303805990001
22939305990001
22716505990001
593604690009
18572205710023
14471905940002
28424704320002
25880705350009
2226005940001
466680
30277505350009
21934505940006
911268005760007
27950805990001
9551105330005
12191308510009
5989005940010
49295505740002
8531705940005
905605940001
17175905940013
257033097710001
34412105350009
3297797710014
63335105940007
9778205740009
12541204320001
104508370005
8272406310023
3405940001
34478
934162605760007
7184205170015
15146605940002
206296308980008
1162905940001
906352105760007
21540605990001
1498705740042
27936505990001
9885105940013
40078402100011
253984497710001
46307102100032
1363505940001
14112004550006
313605940001
12849705940005
8608405940005
23792405510001
4572905940001
802105740001
4755805780001
2391004550006
26029705940013
5314205940001
4243805940001
5746994710013
5858904380022
5768994710013
846022
116805740001
245405940001
91626405940006
41184608510007
225897905740001
9102105940005
4431505700014
14288405940002
5774694710013
132891804710001
34987
27271508510009
17374205990001
218603730013
78201
64042305940007
27374308560001
2669805740001
5977905780001
1983805180044
25013805510001
155134605740001
23254904380002
188505940001
4330705780001
62103_6659e23f
14844004550006
1977305740001
396324
142115204710001
20877105940013
1964505740001
226364405740001
210570
95173505330005
916993005760007
742305740001
4145405940001
2114029
7428205740009
4414005940001
283005940001
366352
703405940001
493105330005
569305940001
17675205990001
280304
17714707770011
3624905940002
9780406310023
8527208720009
5748094710013
289402300082
17130504550006
30670705580006
8564
2194705740001
16331505990001
681905940001
226002705740001
4077405740001
155529405740001
14979306310023
81549702100011
215488905740001
478205740001
915839005760007
229936405740001
564827
21405405940010
16821106310023
449515
4305805940001
2168605940001
784505940002
3680305940002
20772805510001
318005940001
5815294710013
8965308720009
37927
204818
8402108720009
1258605740001
255169897710001
36703305940013
644305940001
22721405990001
295624
51813
56534605740002
5748594710013
20427305510001
27290705990001
12079105940005
1057307730033
7961
203315
107846205940002
5427594710013
8818705330005
8465905710023
12931505940013
18333705430003
3189705940002
25244008510009
98205940001
310277105720022
1343305940001
478683
1953805940001
195552802100071
7601106310023
6521494710013
99849
380637
17184108510009
21932305990001
1922297710014
816405110005
1334205180044
17378707770011
4444505940001
10078105940013
3242805940002
65796402100071
3333605940002
2446177
1016705940001
1359605940001
2255005740001
1997405940001
60482802100011
3819205940001
2249106310023
4959905940001
3484405940001
287005940001
516005940001
961005940001
2710797710014
263605940001
463470
14675605430003
16198605990001
365884
22409305510001
9823305780001
2203405940001
8268406310023
1226706910020
5051805740042
203862905740001
2989005740001
26133005990001
12447506310023
215488005740001
250205940001
9204105940013
5209503550010
155933305740001
12230608720009
946306310023
3294805940001
3772905940001
88305430003
156142105740001
208792205740001
226278205740001
4050405940001
155372005740001
5745194710013
167105740001
4337405940002
1163007760001
112905740001
11738605330005
3956405940001
33065005350009
3772407760001
4610405940001
3899205940001
203071605740001
474537
26116305330005
2562705740001
11279597710014
734705940002
3973507770011
3190605740001
24873005990001
64566402100071
2452805940001
10390605940005
51674
2337905940001
43397905740002
15794108720009
1194205940001
926893105760007
26911005990001
4297205940001
2163505
126120004320001
30698205940004
8900605940005
71205740001
5940405940010
4853205780001
25510005230034
28300205350009
1204105740002
1757005940001
460775
243582605740001
67598702100011
1440505940001
5851994710013
3314305740001
915836805760007
14186005940002
46669502100011
4113905940001
145864
85908
165691105740001
14301206310023
32544505940005
2352805740001
26534705990001
267159897710001
6162394710013
6060505940010
1834305740001
10608605740009
53581505940010
158448405740001
3757605940001
1759405940001
13458003550009
1065005740001
927477905760007
886505940001
167453
44335605940004
875205940001
106014105940007
216859305740001
208401708980008
202417705740001
17687405990001
1788405940001
23296908510009
27032408560001
213161
313370405720022
6125002400048
1475505180044
21004505510001
156018405740001
25806905990001
41715
19746705990001
106482905940007
9803105940013
1601605710045
16342405990001
1347405740001
7231505710024
56916
25790405990001
2385705940001
908905940001
1656405180044
12563204320001
3516205740001
8483005940002
4150607770010
3717905740001
3403705740001
852908760018
131274
161094
139205940001
10207705710023
63798002100011
160440304710001
5018905740002
32097005940004
2456405740001
7961405940013
41131
52254202100011
24756005990001
25158805940005
34569605940005
56499102100011
20312105990001
2658706310023
17091105990001
19642205990001
72215102100071
8002805940005
11917505940013
17193605990001
216405940001
381807730033
11137097710014
1553105940001
8319205330005
4236305740009
224593402100071
132866
9124697710014
30813705580006
22708105510001
27856
6313407770011
39346_4d86815f
6013407760001
8643505330005
64982102100011
1040605940001
12637108510009
11860005940004
115276
27267905990001
4704905940001
2665706310023
8127097710014
212699102100071
917805740001
232791302100071
399505740001
24370005940010
1456805940001
9669705940004
3657506310023
31078605740002
3845705940001
4069805990001
211013105740001
5112805940001
2769505740001
226535405740001
1263505180044
5688405330005
605805740001
261625297710001
183311405740001
49515602100011
1486305940001
24384605940005
2372805740001
84586
7812504380002
21563705990001
4316405940001
4759808790019
17669505430003
208591305740001
27227005990001
146925
5374205740009
369508370005
7429197710014
21797005990001
26657205990001
1795905740001
598906310023
11978805940005
3922605940001
467831
11868394710013
66091702100011
4596705940001
1507005740042
19652905940010
14742904380002
56390702100011
12159303550009
85741205940007
13387408310042
161753
932855505760007
52724802100011
20042305990001
19826704380022
5888794710013
1761805940001
156078105740001
231101805740001
29815705940005
34909405940006
7299205710023
2364205740001
462405740001
12147306310023
4125606310023
524002400048
40827105330005
2560505940001
219353805740001
28814305940004
71772902100032
502710
457808760018
218987305740001
5715503730013
28054405990001
4167505940001
3638805330005
2003305740001
3744805940001
155052605740001
206138105740001
15436404550006
6215494710013
12205740001
55505940001
1579705940001
256662397710001
32099405940004
23289205990001
1775704380023
6777397710014
945044205760007
3622505940001
209255905740001
72064605940010
417921
614304380002
1282206310023
4237105940001
4011305940001
253665097710001
3446205430003
22666705990001
868705940001
6152894710013
1140706310023
516208370005
17463
156018605740001
2457805940001
156296905740001
203114105740001
3536305940002
3310705180044
74966202100071
436229
8867103730013
5861394710013
155327
203883505740001
27315505990001
35544405740002
4968806310023
8875205940005
425606
10948305940004
10120
3984305940001
4776605740001
107706310074
3525705940001
39726008510007
62017505940010
573405740001
906357505760007
947205740001
10853506310023
2914505940002
136508510031
3861605940001
4599005940001
296305940002
8396205940005
3791105740001
573105740001
204422505740001
6158905940010
837605940001
120216
3775603730013
1997705940001
17290508510009
18158805990001
1372405940001
380543
8770805330005
18105740001
38802605350009
45421
17920
2129105740001
4509905940001
431498
64645902100011
55430402100011
16714205990001
14590205940002
995705740001
218194805740001
41605740001
15368505330005
1018506310023
3563505720002
836405940001
4002005940002
22676108510009
12108204320001
199256
134117504710001
1078240
212905305740001
2335305940001
1122005180044
447788
211247
214849605740001
3997505940001
3249007770010
43213
7676305940005
13295703550010
43741205940025
7744097710014
165905740001
30178908560001
326805740001
16605940001
68404502100011
336407
54041
15475604550006
4665105940001
23757405990001
5883894710013
1037005740001
203415705740001
19383205940010
153936104710001
3156505940002
898805940001
1546105940001
82805502100011
608105940001
884705740001
20475705510001
5489605740009
4489205940002
18876304320001
766833
2428701
39005940001
3801705350015
416673
635974
7454497710014
3297597710014
407408370005
21213405430003
1985905330005
962305740001
7758305940013
23535905990001
41987
67407305170015
4480105740001
12821505740009
390224
47602702100011
11930505940013
9694297710014
57735302100032
24060205940005
215953605740001
6581405330005
26269
158922505740001
4788905940001
51499305940010
39776305940004
181562
248505940001
4403605940001
59566302100011
37347002100011
1118005940001
3850106310023
40711002100011
7983505350015
15818205990001
21674905990001
26134705990001
1641205740001
13118505940005
11272405940004
284673
627908370005
194003730013
5178407770011
280973797710001
33935705350009
258089797710001
204967705740001
10735403730013
652602400057
460819
73841605940010
174229305740001
443376
12129205740009
18551305430003
791062
380578
10639404380002
5852794710013
2874205740001
1078141
156099305740001
3160205740001
216172
2016805940001
30265
3239105940002
30215208560001
223950705740001
4734805940001
314475
279423
4671005940001
2269405740001
538005940001
48011
3787405940001
1616005740001
1643405940001
4036305940001
28048605940004
1544505740001
37445902100011
6153594710013
255248197710001
107920705940004
216412905740001
3996305940002
5821894710013
56296302100011
343081
504214
783081
2399107760001
202586405740001
433205740001
2626805740001
232820105740001
4806005740001
18877
698605740001
20666805940013
6642105330005
25700205990001
17355905940013
2939905940002
851805940002
2174906310023
81405740001
5438494710013
1109205940001
520414
130605940001
56151202100011
26917305940010
30696005230027
18741
319005940001
24155405330005
218889705740001
948778005760007
132922604710001
1352705740001
19051
469986
25319805990001
8006697710014
905456705760007
5437994710013
30839905350009
16926205990001
10593305940005
1134005940001
12187305430003
1876505740001
53120802100011
1874505740001
316991
17504
65897005170015
4230805940001
14014505740009
220014405740001
4513205180044
35932205510001
5823594710013
2157967
10314305940005
8060405330005
8962805940005
283222
3776605940001
279866597710001
10096005940004
14521707770011
23039605510001
80942
386208370005
4182605940001
1941206310023
141621
105359905940007
210837705740001
2579606310023
1586705740001
922006905760007
7997005170015
2787097710014
9636
39142308510007
45242302100011
286605940001
2511703550010
625706310023
8470605940013
18086506310023
784805110005
91614205940006
3907505940001
1498505180044
905666005760007
8814005940005
163944
201408370005
8567205740042
52705940001
155620605740001
314705740001
1500105940001
66488005170015
77523302100011
3714805740001
69350205940010
5454494710013
286808760018
2627005940002
1784905940001
8906705330005
20364905700014
15259708510009
45972
351904380002
38428
4683605740001
217410805740001
1235805740001
409726
255905740042
163265
33613
5310205940001
31866
61385402100011
4007305940001
79695802100011
9907605940013
417881
11511706310023
68396802100011
6673205990001
302996
646605940001
9699906310023
5686094710013
5877394710013
30591205230027
4138205940001
13512805940004
203606605740001
51952002100011
1278805940001
1273105740001
36040608510007
1778905940002
36540
210646805740001
5856294710013
3124706310023
546005940001
4318005740001
1304905780001
57005940001
56280
145705940001
221736205740001
11002
2120005180044
856805780001
345568
1386105940001
365060
2619905940001
10821906310023
2087997710014
472205990001
44753002100011
220005940001
1615405510010
2304676
45366705330005
213198205740001
5761594710013
155358105740001
1086105940001
37315
218018505740001
28290005230027
3023805940001
40723102100011
4239805940001
35118205940013
173717405740001
39005740001
658305740001
23576005510001
39858
95982
1101705740001
2098705940001
1970304320001
60208360027
155478905740001
4511705430003
6542094710013
4918705940002
5235297710014
45075102100011
5330897710014
173688905740001
20367805510001
2900205740001
221975605740001
35402300082
568902
10489205940005
1140307760001
1277605740001
466138
3689505940001
48416805330005
5205940001
227305740001
5188705940004
1184505180044
900905940001
6781504380022
33005940001
37141105940013
2037454
3189805740001
50120705740002
915837005760007
4661
20238005940004
16054707760001
1497505740001
14148108510009
19833807770011
4409805940002
6115105940010
215322005740001
2540705740001
20607705990001
81457502100011
127340
1565905180044
3599605740001
45708902100011
2676405940001
20373505990001
70102902100071
9038805940005
33765604320001
3994005940001
4070906310023
920192805760007
733606310023
666405940001
408173
32804105330005
2289705740001
12652605940005
4339605940001
155954405740001
174297405740001
2020005940001
314641205720022
4832705740001
16785704550006
8689605940005
179770
138135804710001
4623205940001
1929808260009
81190402100011
818605110005
3987205940001
3255806310023
69212205940007
2390505940001
4962905740042
5334305940001
36439708510007
155970205740001
24757205990001
6561905940013
2275405940001
42366805330005
4055503730013
911266005760007
27891505990001
42483002100011
214686105740001
10658204550006
156234405740001
9667504320001
207060405740001
916045305760007
38061
49107
13560205940004
563805940001
1467105940001
20911305940013
11696206310023
490105740001
5145505740042
12621004320001
253456
39076502100011
831324
6316694710013
40800002100011
901716805760007
65083602100011
57265
1024105740001
173118205740001
3555505940002
13370994710005
18228005990001
297816
1046605180044
6640794710013
36908370005
171563105740001
3192097710014
9418305940005
9393205940013
98605940001
3262405940002
34340
24385005940013
174390305740001
134208
1120605740001
14861305990001
956605740001
8538504380002
27146205990001
2404205180044
161605940001
12708804380002
4987405940002
35128105940013
10952304550006
7606307770011
22966005940005
3176805940001
63690102100011
13419805940004
4050905740001
305967
17411505990001
156142505740001
155375005740001
239423105740001
478905940002
216687205740001
6613406310023
4822805940001
143305940001
53446
5737394710013
48380402100011
237406905740001
2131730
906208805760007
1997805940001
22296305940013
37084905940006
9704706310023
24993905990001
1045205740001
45138602100011
26923908560001
57057005740002
10221
459115
3826205940001
179255
18527105990001
469394
155621205740001
10677905940004
34756305350009
145798204710001
92205805940006
98405940001
15581108510009
394897
18077705990001
3096804380002
45063708510007
3249305740001
189505740001
13974505780001
7185007770011
4165207730033
155819905740001
5818494710013
5022305940001
187256405740001
545446
172305940001
22332805990001
9239905940005
3470405940001
16596608510009
3746705740001
216390
6537802400048
174096505740001
217029
67512602100011
415550
53020
37735
10191305940005
914815105760007
686305940001
6513694710013
49254
1950405940001
3610405940002
24915405990001
264551097710001
23918905990001
18830907770011
20646405990001
1396305940001
100002300082
3918405940001
19719307770011
925202905760007
832504
22043905940006
6122305940010
811304
5430105720002
1259905740001
16791298910003
906633605760007
26487605990001
9346605940005
3929105940001
23413705430003
155147405740001
6420905790001
959810305760007
18079607770011
238705940001
5825394710013
9784408720009
375506310074
10998404380002
10800905940004
27828705740002
1381008760022
757105740001
689605940001
18672105940005
173862205740001
1691305740001
19896405940005
2164005940001
41413205350009
407934
17687305990001
3092405940002
12354705940013
4958105940001
260273897710001
4677205740001
305305740001
240531805740001
9402205940005
5482105940004
129097504710001
565587
40202905940010
16222908510009
27114605510001
4640704550006
17097005940001
1353003730013
60094505940010
9351406310023
436507
3631405740001
23174805330005
25849405990001
210869605740001
9173704550006
3998305740001
217292605740001
1786705940001
458945
201589005740001
200711705740001
8458205940013
6381805940004
14994
1221405940001
12057505330005
218752905740001
22325605990001
205071305740001
151907
14259008510009
61886205940010
30684405230027
215057205740001
62935605940007
23089905510001
808206910019
553083
5951005940010
314503805720022
563405940001
4479605330005
1587904380022
416149
941892705760007
2202806310023
10615003730013
206501505740001
26784505580006
2100805740001
21037105940010
17608005330005
204511608980008
23169005990001
27672105990001
26652305990001
818705940002
16404405990001
11698205940004
15045705710023
128184804710001
779905740001
1136005180044
174209
48524802100011
4405205940002
45043008510007
257305940001
6296804380002
4021405940001
6125305940010
155092505740001
2926897710014
2404697710014
2767605740001
14312305740009
157805940001
7525705330005
447351
1715505940001
53370505940010
128337904710001
16874905990001
4776205740001
923843005760007
23188004380002
9254805940005
80482805940007
460046
38667
222500905740001
162123405740001
223737705740001
60200
30140408560001
594205740001
448391
66296605170015
17926305940004
17174705940005
89053205940007
3842905740001
1760505940001
66371702100011
203203305740001
1285005740001
214908370005
512705990001
892405940001
10222405940004
20113105940013
2352905940001
2576605940002
8439005940013
599305940001
5196004380002
216905105740001
207059408980008
5495605940001
6429405710023
5794806310023
457807
26048905990001
11555094710013
778705740001
166335505740001
310191905720022
18423905940004
255829597710001
479908370005
24798405510001
489058
314221205720022
2010105940001
213141305740001
85006105940007
11208307770011
3631602100012
280565
2493605940002
5349407770011
3908505940001
2999604380002
1472705940001
209241505740001
42844502100011
16025105990001
16912805990001
501211
17772704550006
458078
17098498910003
3660705740001
253005740001
7210304550006
155458705740001
66614002100011
43360405350009
208790805740001
30901504320001
2421007760001
53313
530122
206109408980008
63906305940007
6155294710013
5689194710013
8728097710014
604205740001
3225805740001
4889905720002
93272905940007
44779802100011
493405330005
2012105740001
16925906310023
16591904550006
2152905940001
4107605720002
5386505990001
9623807760001
244205940001
43719502100011
23591
234740305740001
2057705940001
938923705760007
2448605740001
909130405760007
22962605330005
17413105990001
5461805940001
5863405940001
3469605940001
44185
78630702100011
19217405990001
25393405990001
120738
545805940001
254483697710001
6082504640004
154937205740001
3927305940001
33411905940005
218645105740001
233141705740001
33780
5343104380004
1824905430003
207146105740001
910719905760007
92205940001
393105740001
126120304320001
11966905940005
5092205940001
4132905940001
33662
27869805350015
217150
208722805740001
2178806310023
4645705940001
9852007760001
2796905940001
10014105940004
172201105740001
83110102100011
11030505780001
465900
16988504550006
62844202100011
255627997710001
52623505740002
157105940001
3075105990001
257602
325905940001
1031205940001
43272
2502805940001
154963005740001
8592997710014
4097006310023
45016
21805805740002
215504905740001
33405940001
122370104320001
2130905940001
971805940001
17699005330005
118105940001
92250705940006
3599405940001
7943705940005
45812
58642605330005
8371904380002
4756905740051
1493605940001
114905940001
50023902100011
20542305940013
386725
311905740001
1636405740001
93368205940007
149866
58437602100011
671405940001
1335005940001
329305940001
217666605740001
333341
1983503550020
174440205740001
24511505990001
4400705740001
272481597710001
21291605990001
155246405740001
24453405740009
271822
3591605940001
57040202100011
16032805330005
6704994710013
18211905990001
5885394710013
4090705740001
26368205330005
17649307770011
174406305740001
2243705180044
14701902100012
130010704710001
3849805940001
78296602100011
20130007770011
55469505740002
2141605940002
502400048
9500506310023
512405940001
3584205940001
92249305940006
10148205940005
674703730013
1755105940001
219644805740001
2660905740001
18614506310023
638805940001
17019607770011
87572
911006310023
6704294710013
715006310023
47447702100011
372290
215098305740001
28058705740009
16913203550010
3348005720002
4945705940001
11227404320001
2130005330005
22303305990001
31448605740009
2260428
956002400048
53411902100011
137598
6562194710013
4253805740001
1331403730013
37291602100011
26235105990001
955005740001
73682
920429905760007
12782805940005
9265505940005
222788905740001
25406505230034
30735705940004
7109194710013
10513
13057805330005
8671005940005
2156705180044
214734
47885205940010
11967305940005
40606402100011
45501
151951
594705940001
4022005940002
966105180044
832385
219999505740001
380446
1532005940001
785004
23991405940005
231361
16422805940004
36338108510007
186205940001
28468405940004
3793305940002
8083605940005
281114
53661
17567207770011
3720105940001
4197605940001
14390104550006
11130104320001
25626005990001
1391805740001
1496205740001
136535604710001
1122505740001
65055505940010
10678897710014
35705940001
898105940001
701605180044
6072705940004
2429205940001
2440205740001
57536705740002
51361405940010
220999
76508002100011
294564
210605940001
147905940001
30348508560001
144805740001
16257505990001
18465305990001
25671505990001
5772797710014
5421805940001
15102405330005
22841
1404405740001
25372608560001
49052602100011
24427308510009
24639705990001
206692105740001
60286905940007
218986805740001
25710805990001
166519405740001
3968805740001
95212805330005
8582105430003
3735497710014
211524905740001
214776205740001
214565
38946
43065405330005
26629905510001
3641397710014
335714
2585805940002
9269605940005
203056
310934
3135805740001
4262305940001
239264605740001
87874_82e5ddcf
210397505740001
257505740001
347155
11218404380002
17067105990001
36444808510007
57650002100011
946705110005
1698905940001
3361805940001
523472
111577
379710
6069205430003
143405
594908310043
276476
15527504320001
14884707770011
230682505740001
4394105740042
2566505940001
15111305940002
17209302100012
951640905760007
3613205740001
21116506310023
217522005740001
126121104320001
25561805940004
6151194710013
23789305940005
9299705940004
1905005230027
33981505350009
44389505740002
44484102100011
548805740001
537205940001
5242297710014
26606005990001
908131905760007
26948005990001
11057605350015
16300605350015
447572
700833
28360305990001
108694
2548197710014
9276005940005
1214305180044
915570705760007
920105110005
417427
5715405740009
3428905740001
1844505740042
36549305510001
155005605740001
130627
48991202100011
24653805990001
846026
7680105330005
2304705740001
236678205740001
243519905740001
3856605740001
354324
2099405740009
9667305780001
227194702100071
16615605330005
17374105940010
44229
10134306310023
335476
2251104
2949205740001
21135905740002
57501
9212305940005
606705940001
28432004320001
68494802100011
20360105990001
23187805430003
246065305740001
30170108560001
304111
11988408510009
35478305940013
1283405740001
6541105940005
1366105180044
915794705760007
31701205510001
37626905740002
28310905990001
15823905710023
354705940001
6168394710013
526705940001
19040105990001
63802602100011
3671904380002
2362305940001
61438204320001
11559805780001
2770306310023
1553705940001
132266
7724305430003
8821105940013
165977905740001
4963106310023
30280305940005
39481708510007
8742697710014
51499
6926306310023
449323
16202207770011
8758105940005
1243905180044
2674405740001
26398108560001
91305940001
41637504370001
10139005940013
11196806310023
915334205760007
4416405700014
2710205940001
3088805940002
103305940001
333724
832769
69793902100011
5481305940004
267000297710001
216475
3766805740001
301566
26290305740009
14755005940004
2409809910019
4362905740001
2171464
2992097710014
322073
6924897710014
12501404320001
1958405940001
189608370005
129885204710001
985705940001
2096205180044
377502400048
11287602100071
285444
319005740001
1015405740001
79542
1333008790019
216380105740001
10529005940013
49144402100011
2265802400048
218711905740001
231923105740001
66148402100011
2193905740001
340505740001
584605740001
2803802400048
1202105940001
45366202100011
7422497710014
155230805740001
5494906310023
12098805710023
1253205940001
378673
4253605740009
23487405990001
1071205940001
5904205790001
92131505940006
227036905740001
26430905990001
686405940001
43375002100011
743305740001
906918705760007
16224008510009
748904320054
3449605940001
26282708560001
26434108560001
151873
12779905940013
6131005940010
5874197710014
202376105740001
156175005740001
1934504320001
3945305940001
2463405740001
299544
25527605230034
25667908560001
2141063
25722108510009
10727904320001
1858806310023
8633405330005
17536204550006
37212105940002
13194303550010
4328505780001
202469505740001
912610005760007
17348905350015
343205940001
230485902100071
206805905740001
6307994710013
5343905940001
27320605990001
5863294710013
416516
8241405430003
1918604320001
4712006310023
572605740001
832001
779516
5020497710014
207654205740001
3857505180044
338547
26395808560001
7975204380002
450905740001
92784105940007
2541905780001
11958004380002
623613
5177106910019
738005940001
59093705940007
20188805990001
4728905940001
20964405330005
719806310023
42976702100011
49941
19566505990001
11451305990001
43094205940004
3768405710024
6268605940004
11144705940005
1470605940001
238487405740001
203918705740001
8982305330005
4018805940001
380621
30684905230027
13751404550006
1773705940001
27140505990001
998805940001
94505740001
11159205940002
8004805940005
83230
256595397710001
3520405740001
444905740001
1212505180044
45082005740002
7721705170015
95075005330005
156363205740001
1579405940001
390204710040
7995705990001
85507005350009
40194802100011
3716306310023
354063
160277005740001
174229905740001
9912602100012
1155304380002
26965805990001
32308708510009
5147705940001
4591997710014
215116
5194004690009
5726394710013
25579905990001
3552305940002
69520202100011
2731904550006
330423
6344805330005
43120702100011
45834902100011
31458305350009
919134905760007
4331005700014
5875004550006
160405940001
50855002100011
5514506310023
57283705740002
1742005940001
7109804380002
37045005940006
553905330005
159088205740001
1161405940001
9947106310023
1429205940001
21505505990001
9448202100032
470205740001
259105940001
3250505430003
7012705740009
18770407760001
262939
221847
27864208510009
283908370005
5833694710013
315071805720022
497805740001
1326605940002
20278908510009
26585905990001
7836897710014
1552105940001
1385705740001
621805940002
323205940001
37239105940006
4620304690009
1644905740001
2701705740001
2007597710014
26761805740009
4192505940001
256105940001
5884094710013
22058705990001
59031602100011
13880805940002
232381905740001
19214805990001
206287705740001
21763005510001
181149202100071
38994905740002
3261906310023
369805740042
215609305740001
25405008560001
4003406310023
29929305510001
2956305940001
2159705940001
129229
13680406310023
1543905740001
28218305990001
155163005740001
315072205720022
4501505740001
28479005990001
318405940001
6765205740009
49400002100011
261914397710001
9366205940013
38334002100011
13917605940002
5620606910019
287653
43505740001
5687394710013
1346506310023
28731305740009
11313506310023
3581005940001
130456104710001
3702005740001
34488105330005
2343305940001
16404605990001
36745005330005
3915506310023
1558005430003
963705740001
5587606310023
17466805990001
4632505740001
33642
1410405940001
9315297710014
4162305740001
9691205940005
32626405940004
213706205740001
258815197710001
5435094710013
19100
208967305740001
2060397710014
10053105940002
64954702100011
128005940001
132167504710001
23227305740002
314867105720022
356504
6205104380022
6269005940004
2727604550006
204096505740001
5632904550006
166623904710001
8855405940004
21088305990001
20598805740009
2339005940001
72365305940010
2739405430003
25523108560001
4631005940002
307037
61153102100011
54250905740002
1000705940001
630908370005
7126794710013
1102705740042
2204539
457851
128973204710001
105608370005
61314702100011
1333605180044
609605940001
23098205510001
25268505330005
3352005940001
2311706310023
27932305940006
230132
57718302100011
77228005940007
1712005940001
5943504380002
214801805740001
26887105990001
53220505330005
2546605940001
1143705180044
18321207770011
20395607770011
172800105740001
46214102100011
3547905740001
4338705740001
151002904710001
46388702100071
23919805990001
254342797710001
14776
10348305940013
4129505940001
3033005740001
341043
973509910019
2156183
2067705940001
24417205990001
174038905740001
8505505330005
61089
46087202100011
343494
257914297710001
205413805740001
16692204550006
486110
65379305170015
26015505990001
3586005940002
20083307770011
922477005760007
51557502100071
398979
228605105740001
4897404690009
131802400048
42616605940004
24471805990001
571731
10808605940005
66702605170015
2098505180044
573505940001
44410005740002
155363105740001
372105740001
277905740001
37012802100011
28883608560001
221338105740001
129255704710001
6033606310023
116747
4693897710014
131867104710001
81665302100011
22325205940006
54700705740002
2157805180044
1806406310023
3515705740001
2180001
45716602100011
4600105740001
155466405740001
6406505740009
2134305940001
12654008510009
17885604550006
308602
906843405760007
5607205940001
2036305940001
5833304380002
952647705760007
10277804380002
11296108510009
127432_a94f7fd8
9539506310023
22437
6038104380022
40218205940010
1903205740001
8356305710023
15473
12832404550006
757434
23762405940006
3638106310023
19329105990001
39826
1696507760001
321305740001
175105740001
3689505740001
37044505940006
25596105990001
815985
14437607770011
25018405990001
56812602100011
13101003550009
1258205740009
103977305940007
10078
17092
5617005940004
8563
16135205510001
5815794710013
2676705740001
11130504320001
14921005940004
82549602100011
2198105740009
20963205990001
15987705990001
259208370005
4348106310023
4599505780001
82387205350009
747464
25219205330005
129949304710001
44450202100011
344631
57087202100011
6665594710013
51705740001
129493504710001
222305940001
417076
6141802100032
397677
17947805940005
331514
35725605350009
467205740001
46573_3f0b90ae
62303302100011
38665302100011
40061
5467505780001
7793006310023
174290005740001
4240405940001
134803104710001
773505740001
230167705740001
3539205740001
1327303730013
11379505940005
1060905740001
36947202100011
3444304380002
11363
4123205780001
525242
686905430003
26327905990001
17507
3188805740001
4273005430003
41824102100011
56903
211805940001
456625
152743
8804405330005
28808704320001
3778205940001
16254
1380305740001
16699404320001
4014105740001
10595405740002
6373402100012
150820204710001
6728605710024
209905740001
24761105940010
36356702100011
13904705940004
3350805940002
4041505740001
2596505740001
4847604380022
54303005330005
23367105940010
19049207770011
92176805940006
502598
835905740001
15158105940002
616005940001
287312
253978297710001
8755905940013
846005940001
137149
200103
466002400048
3640997710014
1740406910019
3130105740001
1011405740001
1056205940001
156052404710001
5706705940001
202744805740001
56073905330005
748205740042
382720
26290705940013
11082305940005
3753205940001
215403505740001
928960705760007
225350305740001
35267
5854094710013
315080605720022
22671105940004
4429105940001
13730303730013
125511
9754305940005
14844605350015
651130
67653602100071
16192804550006
5739594710013
23208605990001
1013205740042
907419605760007
3153805740001
44415505940004
155134005740001
8511806310023
9372105740009
2467305940001
12255505940005
155340
960505740001
5221505940004
4445905780001
27821705940010
368593
20626205990001
1592605180044
140069
9389805940005
11554907770011
220649405740001
5313004550006
3951806910019
215149905740001
6102204640004
9395697710014
15686408510009
747805740001
1205205940001
307905940001
28303905230027
5859405940004
413782
4390305740001
239613505740001
947105940001
2374370
1921305740001
28507
17629007770011
932509205760007
20400505990001
222977905740001
198380
1667505940002
209027205740001
3868005940001
353705740001
32813205940013
8739705940004
907437305760007
2724305740001
3485897710014
136548104710001
2396805940001
449541
19204905940005
1553605940001
91618005940006
5813894710013
1530305940001
867005940001
5867194710013
2097605180044
34039105940004
2417797710014
317505940001
26325805350009
65135
206314905740001
9705004550006
3567205940001
283956
4006205940001
8498305940005
21874005990001
222195805740001
175983_075d5164
41303202100011
6011504640004
41956
10740705780001
415084
202176305740001
3681005740001
218653905740001
4139605940001
11621605330005
17265905990001
5825694710013
144775709980001
155830405740001
194642502100071
325918
7572305330005
3710206310023
4142505940002
203144005740001
6450305780001
182484
68900702100011
53832405740002
9537104320001
40923302100011
945122105760007
18587805710023
3013005940001
6329505940004
3462005940001
27324705510001
213861105740001
531503730013
255954697710001
10205740001
9702506310023
2845005740001
217576405740001
310060705720022
258415697710001
95186305330005
1963605180044
2385805940001
1648605710023
174275005740001
48622702100011
207472505740001
6779906310023
223663405740001
6268305940004
32062
90705740001
30077505330005
4874205940001
166915704710001
41644
29604308560001
5778694710013
34722605940004
13854805940002
24098205580006
10240505940013
34618405350009
57007505940007
54142405740002
219768305740001
3260905940002
17925208510009
161105940001
34401308510007
16715_5564e2e7
32370
166107760001
16356805940013
63767102100011
1502505740001
968073305760007
2159225
812605740001
18733307770011
3907905940001
1757105740001
1504803730013
2066005740001
2076905740001
26940908560001
5709994710013
5854694710013
155186705740001
230665405740001
37019305940006
5426094710013
396194
17293
1086305110005
56994305740002
13485805330005
316103550020
4868004380023
254189997710001
237605740001
5861794710013
69226202100071
158842905740001
4212105940002
38520905940004
5459394710013
1094705940001
174069505740001
51505940001
7977606310023
8559_0c1119a4
3800505940001
1081605740001
84653502100011
583305740001
139505940001
2184305180044
25461505510001
19955205990001
11858508720009
81931
5571505940001
37862602100011
213729605740001
2571704380023
24541305940010
815605740001
47884502100011
229182905740001
155818905740001
57405940001
32204
51163005740002
221545805740001
1792704320002
202457205740001
7320302100012
4622305940002
1391505740001
1682805740001
128100
66295105170015
24880505740009
4604205720002
54905330036
19705940001
205232
10618905330005
8599
364031
241388505740001
11401706310023
17179205940005
5852294710013
204025005740001
2173442
88005940001
218133605740001
355073
345443
7549105710023
30679905230027
14219205330005
21833305990001
182023208980008
1538805940001
5646805940001
2404705940001
3012797710014
27901805940013
24585805330005
3283905940001
6636904380002
1773505940001
220005740001
647055
5128505330005
18793105700014
3770707730033
274528597710001
55395
3805740042
283905940001
9347805940005
27659705940004
14421108510009
79626105940007
220960905740001
1316105940001
37201605940006
3777105940001
70907902100011
309387705720022
4670305430003
23456305990001
3945005940002
1823605740001
203283805740001
50599102100011
2175905940002
82576502100011
216050605740001
8371505990001
11915405940013
2022105940002
66992205940007
29196305940010
14412105940005
933905110005
9799705940013
934605180044
384547
67638002100011
22358805990001
38530108510007
6400006310023
156191405740001
83097102100011
46494602100011
15423
5624605350015
13392205710023
1440705740042
307700305720022
34393508510007
9016605740002
25721105510001
27882105940005
25373505990001
1099105940001
21705905990001
12210805940002
389556
2419118
17148105990001
4297106310023
24131707760001
35059705940005
971705740001
222223005740001
25905740001
215954805740001
7656202400048
27021305990001
1680705180044
9614705940005
37199205940006
26538505330005
20644505990001
33722005940005
5856694710013
59011905740002
3364305940002
3569805720002
1452405940001
11733007760001
27517308560001
924751205760007
16765005990001
177106809980001
23797105510001
22836805740002
177105740001
11263405940013
4532105940001
9376305940005
21280605510001
21510605510001
793805740001
155573505740001
215971
266248
320105940001
1261905940001
3908905940001
332316
24723705990001
54614502100032
217605740001
7226904380022
13267207770011
5172905940001
12295097710014
466770
6070506310023
15329907770011
430932
10748305330005
127934
15903904550006
243646605740001
2955505940001
4639505330005
33341
666705940001
639105940001
937005740042
10113305940005
7123894710013
11560
1464805940001
24798905740002
26844708510009
2788605720002
46005940001
919135905760007
1277805940001
17178198910003
4429805740001
763206310023
332005110005
1776205740009
26506205580006
270489
7070194710013
21973405940010
50902005740002
4134805940001
40153305350009
605815
11529097710014
14787405940004
22675202100032
3001005940001
15083008720009
43337502100011
65160
1086605940001
663305940001
4510505940002
303771
29143805740002
205245405740001
39454402100011
26735205990001
386205940002
14962006310023
4723505940001
15305940001
2060805180044
121205740001
67281002100011
176477
201990605740001
10618804550006
192378
1095005740001
1210805740001
76302300082
15019205940005
167381
35108905940010
325605940001
28163705990001
5099007760001
128693004710001
2141804320001
26706505940005
7679
214816605740001
4671105940002
220729605740001
455633
222698
910918405760007
4127005940002
11375708510009
100325_84649c45
13051105940004
6164805940004
2078905230027
11946908510009
354961
174070805740001
459143
17760608510009
5528505940001
23076905330005
204715705740001
84245
3390905510001
364956
6414002100032
3166506310023
8855006310023
2021505940001
207005740001
17186205700014
12193005940005
663705940001
1410705740001
384684
12938205940004
8357208720009
31860705510001
5476905940001
302405740001
2019005940001
908143505760007
155407505740001
109337
277117
216573005740001
2793005940001
546305940001
10048805330005
5970605940010
5329005940004
19227805990001
845724
54987702100011
214753
154969005740001
287405940001
335805940001
909305940001
209434105740001
303810
35506205740002
27356905990001
49295
15462205940002
20177607770011
3248906310023
246705740001
6214105940010
22731605510001
9535205940005
139647504710001
202817905740001
42180005940010
20492505990001
128522
285705740001
44731205940004
5798705740009
36269205940004
917466605760007
12077305430003
211403105740001
260620797710001
13113105430003
4508005940001
53767602100011
28602300082
7500
10673797710014
11684005940004
55489
155176205740001
78949205940007
20597605510001
13760106310023
159705940001
3837005940001
47536
422605740001
2425531
54938402100011
1061505940001
16511503190018
2966105940002
17020506310023
11605804380002
1261206310023
11085707770011
24775005940010
405270
75158502100011
4962505940001
24920805350009
155826605740001
27462908560001
42806105350009
274875
27731305990001
208332805740001
5822694710013
36135405940010
8486805940013
5206605940001
8489697710014
3574606310023
5885306310023
84939
171640805740001
8187405940013
1544105940001
20890108510009
3954405940001
28060508560001
1655705740001
11601
505705740001
1780605940001
17289105990001
66902300082
173935905740001
57044
980005940001
17027205990001
80682102100011
2096005940001
261602
7810604350007
1166705940001
18469205990001
635305740001
1654005740001
9473102100012
4490905940001
10765005940004
459874
17955205940013
51411602100011
6219002100012
25377105230034
43501702100071
20648705990001
24547105990001
9392105940005
8376205330005
4389205940001
36815408510007
5695394710013
10608005780001
456677
31456
9306705940004
26050305990001
320605740001
5690094710013
811321
40505740001
56870
59177805740002
12533305940005
5208605940004
934403205760007
268995297710001
220389005740001
2528905740001
75247205940007
3233105740001
992805740002
3063005740001
66932505940010
44710202100011
1098705940001
1443605940001
2305740001
973818405760007
18168205990001
155729905740001
1636805780001
467676
4111805940002
22451505990001
34696305940005
4170705740001
9378905710023
40231502100011
21711705990001
8652207760001
22659705990001
968105940001
152168204710001
597905740001
23603905510001
74324302100011
134372
49506402100011
81923802100032
13705805940004
229803730013
5359505940004
15832907770011
1184005740002
5714797710014
12130608510009
1757997710014
2857305740001
28375105990001
12391905740009
3216205940002
314493
3500805740001
2133004320001
59401205940007
6533304380002
392848
1663805940001
68205940001
489668
1341006310023
4145305940001
128728
577905740001
1272905740001
174088405740001
45959405330005
38724
979106310023
232094305740001
218704002100071
10866297710014
998002400048
717505940001
1946608720009
4166605940001
114002300082
256454797710001
4450505940001
4724205940001
40029905940004
3662705740001
4194605940001
6167994710013
20345505990001
163912
111568
2976907760001
3571705180044
64126905940007
9472805940013
54961
9838
126120704320001
71708602100071
9266204380002
2372066
47006
6952697710014
1613305180044
209734705740001
26365205990001
13399104550006
219084805740001
200764705740001
5041506310023
44700405940010
448171
129720
14713003730013
13063
28463504380002
46227502100011
1601805940001
1212808310043
1705605740001
18067705990001
2323205940001
20189505940004
203285205740001
3804705740001
3598305740001
5330205940004
62038502100011
1764205940001
190708370005
17166305940005
84579302100011
333464
227007305740001
5810294710013
907587105760007
2895605710045
12129205940005
216991205740001
31704
1388105740001
4377605940002
65023002100011
620905740001
124172
413099
4250405940001
213391
3598805940002
22062105990001
25804805990001
1698405940001
778305740001
42677005940004
1839905740042
36647105940006
83542705940007
11698105940013
24917005990001
2228605740001
1719004380002
26170205990001
6320605940004
129346104710001
19849005990001
4595505940001
85413705940007
214514405740001
447370
3948097710014
10034105940005
6716405980001
81980202100011
558005740001
3163806310023
5724494710013
26538608560001
170305940001
10714008720009
219884705740001
493705430003
76337702100011
17369105710023
6984705980001
4970405940001
378882
1573806910020
2499006310023
77881302100011
2123605940001
23748305990001
5074607770011
309220
4996405940001
1974304320001
27491208560001
190705940002
1593005180044
21261005990001
10218305940004
23416605940004
5451394710013
12496406310023
42612
199312302100071
18551105990001
238054905740001
11971294710013
218086905740001
4010705940001
25702205230034
16663705990001
47749005740002
1150805740001
341505940002
25373305740002
4051105740001
21352505990001
27884
4590005940001
75362605940007
202243005740001
5734705940004
22134105940001
455924
202622605740001
16705905990001
222596
328808
6966804550006
36884605940013
269805940001
110102300082
155268405740001
6307802400048
21538505990001
61629
23999405940013
423408310042
17365007770011
711405940001
11249305330005
100688
25528505230034
3829705940001
168673405740001
1325906310023
55305740001
34193705940004
2796505180044
716603730013
1748206310023
691605740001
21210405740009
40379905350009
478705740001
558708370005
11593805940004
7866105940005
4343604550006
916505740001
25135204320001
121802
3135705940002
28111105940004
36728002100011
176920305740001
1180405940001
92241205940006
1807605740001
4146205940001
8925305710023
10827106310023
4021505940002
133297304710001
3791606310023
4276405940002
42652402100011
42874902100011
4482406310023
15150997710014
175904
37231005940006
25731105990001
25919505940004
207000305740001
842758
150534709980001
10332005330005
4286105940001
571305940001
36444808510009
10392404550006
1336805940001
621508310042
38293808510007
330205940002
38344205940004
6891306310023
19895806310023
11572503550009
3011105940002
3029505940001
5416094710013
4508705430003
74860202100071
1246505740001
7169708720009
7124294710013
4419205740001
3779305180044
22751605510001
3585405940001
19908830017
11878205330005
320795
345461
4839805990001
9632405740009
3153306310023
2859905740042
216461905740001
20336205940013
2637705740001
1471106310023
502987
25588605230034
48678502100011
66485805940010
1236905740001
6524405740002
14597606310023
41543802100011
4355405740001
26380308560001
3189405740001
420749
52480
3604706910019
223650805740001
5414194710013
80698802100011
25363305230034
3675297710014
3141205940002
188183502100071
56753_439186a0
217663305740001
4919605740001
11137604550006
1640905940001
66424205170015
10420805940005
1193705740001
2867406310023
825005740001
12085205330005
401561
239843605740001
7792406310023
15416104550006
3468605940001
433605740001
2115605740001
22303306310023
27774505940010
215950605740001
1384305740001
20135107770011
4640705940001
1036505940001
261278797710001
120408370005
526305940001
45616202100071
939030505760007
487746
131718704710001
215800205740001
78742202100011
50603805330005
4110705740001
11564194710013
322467
192932
216626705740001
6538405940013
943499305760007
255430497710001
299939
2575005940001
160677
677759
33044505350009
10777608720009
4518405940001
8936903730013
187314
30046105740009
8035405940005
927867905760007
2959405740001
9227105740009
55442302100011
1240705940001
8291505940005
1826805940002
1739305940001
5875697710014
4773297710014
2254205940001
208278605740001
919286005760007
37806402100011
28772605940010
134602400048
391208370005
5648005940004
5699505940001
7191994710013
52421205740002
229492302100071
35044008510007
30600505230027
220223605740001
58185805740002
387358
313848805720022
1630407760001
5039805940001
20813908510009
228475705740001
150604
42209105940004
4624805940001
10226305330005
2746703730013
926793505760007
11963294710013
1418005180044
4951305940001
536006310023
1387305230027
391605740001
4735205350015
215305740001
139904710040
47608302100011
21209305330005
20068005740009
8156505940005
128905
3783505940001
12586205940004
850673
16906505700014
120274
2425416
13852708510009
3552506310023
223345905740001
1339705180044
20637605990001
50715005940010
59527702100011
1026705740001
23034905940005
345085
257977
16761504320001
58676405740002
4285205940001
1219405940002
65022
163222405740001
10024605940004
12745305940013
8534906310023
126196
328664
22541605940013
984705940001
39245705740002
3589605780001
9545105940013
19809205990001
311761705720022
217433
624908370005
1510105740001
3245405940002
335181
21321605990001
12323108510009
174192305740001
21020305990001
50022805940010
12680005940004
18153205990001
14875207770011
6521594710013
32508780017
5740594710013
351802400048
66479805170015
2248797710014
10016504320001
23396805940013
45864
14834494710005
13500104550006
1049505740001
23496305990001
4710805940001
6959105940013
7071694710013
11296504320001
113805740001
3968605940001
3466305940001
6937505990001
413750
24577005940013
27640708560001
137667504710001
2815705940002
26740705990001
20517605990001
186505940001
202862605740001
5119105700014
250505740001
509105740001
2254564
1645605350015
9570105940013
263172897710001
458616
4652005740001
209726705740001
35727805510001
6447605940004
31567305940005
2346953
3783897710014
12667305940004
4982205740002
4037305940001
100630005940007
28363805510001
20340005990001
24682005990001
2330542
2126697710014
35608505940005
18325205990001
65366605170015
5876494710013
218325005740001
467562
40101102100011
4171105740001
315083105720022
6645694710013
2320805940001
816305740001
2208705940001
912291505760007
17908307770011
927778405760007
5231405940004
1415702400048
44425805940010
216706005740001
948144705760007
3962905940001
4332804550006
20265305990001
3663405710024
1434805740042
984105940001
1385805740001
360301
1360505180044
5718294710013
182845009980001
11681397710014
220170502100071
41237102100011
3898905740001
1394705940002
12759404550006
3449105940001
25670508560001
178654905740001
4341905940001
8305740001
19128805940004
361905740042
202968505740001
152525704710001
26465205990001
5854894710013
18475305330005
5864894710013
207961705740001
657505180044
1168205940001
4244505740001
67716402100011
60456
16110505940005
41141902100011
45817002100011
30601705230027
15112905940002
224965505740001
9297204380002
30199005940005
503243
2079005740001
35247908510007
2868905940002
3811305430003
4284205940001
16199907770011
17171
4290805940001
73226805940010
5084605710023
228174505740001
12514905740009
8230805940013
207393205740001
1768805940001
51318
10931
5751205940004
97505740001
390731
55205740001
63599
12883108720009
2241905940001
941388005760007
577505740001
22889405740002
37184
3952205940001
1119307760001
39311402100011
26559605940010
21195305990001
5735894710013
4049205940001
1787605990001
44373005940010
5433094710013
13192704550006
441428
26849705990001
2507105740001
80023105940007
52292902100011
38401_01913469
275815497710001
234387805740001
4086603730013
152205940001
593405940001
26414
16711405990001
181664
10936807770011
65305740001
1659605940001
3960805940001
41797802100011
1086505940001
2755005740042
4806405740001
15184404550006
24712305990001
23000805990001
36574505740002
8389607770011
2490205180044
34804705940005
4583106310023
5977207760001
327005940001
5433594710013
2734302400048
66532805330005
487413
157332205740001
682205940001
24545605940013
1027205940001
209896505740001
4744806310023
3072406310023
61552
2008997710014
155722405740001
1409905740001
189197
907750105760007
151490304710001
27069305990001
861205740001
32185405580006
4416705940001
2641305740001
3161705740001
69254202100032
915328705760007
223552105740001
9109905940005
7931205940005
8675805940005
29285808560001
456928
21612205990001
25575805990001
14143505940002
35503550010
21360205940005
155478505740001
934539205760007
19804705990001
17199304550006
13319008510009
200677205740001
5949105940004
5261506310023
12416803730013
28846705940013
30439
1939004320001
4213505940002
3635305740001
51172
4306505940001
154137
3065105740051
6882105330005
2083905180044
20727305990001
13216905940005
635628
2167005940001
30238705230027
2161505180044
4675205740001
2007105740001
3180805180044
26116
2473805940001
33977505940004
1768205940001
132105940001
234404605740001
1581605940001
203282605740001
594605940001
6679794710013
456448
420105740001
128727604710001
28139005990001
11752005780001
417999
56189
50622802100011
709505740001
1832605740001
160710
16371805330005
3628505740001
1012005940001
9157306310023
225448505740001
92206705940006
23145708560001
15820805740009
3041305740001
381005740001
10824205940005
217329205740001
2262505940001
3297204380023
31893
5652506310023
155534405740001
31430
218828505740001
41878
818447
23639005510001
926927705760007
27270905990001
203968705740001
632005740001
269605940001
1546705940001
25705605230034
17355205330005
9168705940005
150663
4207205940001
3437806310023
456011
32403
73521605940010
10684406310023
13252206310023
36607405740002
4281505940001
112655_3b347a8c
19540105940013
11920607760001
523205740001
23216205990001
35710508510007
3729605940002
227727605740001
12801605940004
2419097710014
450794
2446923
46609
16112805940005
41121802100011
2333005740001
206310608980008
2000405940002
207335505740001
955405740001
378105940002
44370408510007
132787604710001
1245805940001
221311205740001
19283205990001
129449
8566707760001
10724805330005
206683705740001
6848105710023
25355005230034
5818294710013
2872005940002
34496305350009
4029605940001
52008370005
216478305740001
2137305940001
2305005940001
5212605780001
7163294710013
3512805940002
2831005940002
5761294710013
5809694710013
5084005940002
783113
16630108510009
1757705940001
60478502100011
65205940001
129824
225818005740001
41809905330005
2040307760001
3913205740001
2178905740001
3229805940001
7651205330005
3217497710014
2746305740001
5814794710013
303242
32318605940005
15129805350015
2089605430007
335291
329905940001
6051705790001
4739005740001
13067306310023
1242205740042
317356
4638805940001
26392108560001
4295105940001
3603405780001
55194
56056902100011
1105905740001
2660805740001
221981902100071
354008790019
63806002100011
80465_194b0bf6
5563507760001
28373505740002
2431902400048
52305940001
6535994710013
63960
21458608510009
76237805940007
22356505990001
36976905940006
14677005940002
330505940001
174288405740001
9495405780001
1967205940001
79443202100011
7106997710014
5003105940001
34123105940004
2197307
41736
41794902100011
484705940002
61732
1197305740001
9444905940004
609293
190705110005
4187705940001
2279605180044
161960005740001
698105940001
236295405740001
376370
1078118
9995005940005
4003905940001
34575905940004
155315
6563694710013
289777
15905740001
4760405940001
680005940001
21141405940013
216714405740001
51883
5397602400048
5692294710013
21442208510009
20327807770011
17302605990001
40957
28061105940004
861649
3150605940001
3561905940001
380162
190705740001
202031405740001
47622905940010
1551905740001
8376305740009
5716994710013
159391905740001
35638708510007
8628705940005
5225605940001
52351705940010
139615104710001
291594
3258007760001
4365205940001
43164305350009
48841902100011
20455108510009
22849205990001
20379705990001
5878194710013
47121602100011
63833802100011
4502305940001
204124105740001
8340705780001
554406310023
19787405330005
87445205940007
4881005940001
8279304320002
15743908510009
3061705740001
29097905940013
60661205330005
850805940001
577203730013
173747205740001
174243605740001
21038808510009
47613
409897
57643102100011
5863394710013
223059505740001
18227807770011
22677105940004
151605940001
1177705740001
501951
24981605740002
1789905940001
1956506310023
179199
916197505760007
669808370005
505777
3487404550006
908593705760007
25852605510001
278995397710001
6195906310023
74916202100011
37447702100011
9667097710014
40755602100011
687105740001
22070205940006
1909605740001
10388805740009
8511905940013
56591805940007
203079105740001
4112905940002
29419105940013
293305940001
1265705940001
270498997710001
208797105740001
1260705940002
107671
12916505780001
6091205940001
25613405230034
270683
945206405760007
2313204380023
595007
99669_7c893417
6635803730013
13855997710001
1287905740001
64016502100011
39625602100011
210000005740001
2303305940001
198710
65822602100011
1262106310023
6541994710013
21026105990001
813005940002
216386605740001
47509805940010
47122205740002
3151305940001
670405740001
36663302100011
214928
146817204710001
178803730013
67840505940007
59305
36805940001
173742505740001
950686205760007
68678002100032
6180405330035
7991805330005
1245805180044
2149902400048
332005740001
28553005510001
8051402100012
155619105740001
226162305740001
214188105740001
850205940001
2091905940001
68810902100032
24788905940004
231864
4109005940002
181100
616833
1083805940001
203286805740001
4036105940001
50605740001
29247905510001
303852
536505940002
2988405180044
205906505740001
121505940001
4480805700014
1700805940001
22747105510001
1280305740001
1153005740001
20679805940004
385905740001
829105740001
12204005330005
3741305940002
35250005350009
72520905940010
49710305740002
3824505940001
39261905740002
215436505740001
204088305740001
2652305740001
64117905940007
2162105940001
4565805940001
4458005940002
27661505580006
17266
942253805760007
6138805940010
586903550020
1217605940001
907946205760007
4346805740002
367601
4346205740009
3909805740001
907082905760007
960919405760007
7159602400048
4908305940001
2008906310023
4571505940001
155298805740001
648605940001
3302505940002
65992105940007
266005940001
94005740001
34754805510001
75505940001
1131505940001
1800005740009
2416397710014
27664605990001
354674
4691305940001
162553205740001
7126994710013
112167
5443505940001
58228802100011
46114302100011
2761105940002
5861594710013
4112305940002
321737_1de72257
226743902100071
9905740001
253430997710001
123351
9529604380002
3611005940002
10271705330005
316905740001
116049
945520705760007
2697205700014
511905940001
214890305740001
2188406310023
12687605330005
537105940001
39498508510007
3250605940002
71265005940007
8816205940013
12251905710023
455312
44127
347247
19531905940013
1675805740001
3572606310023
17316098910003
27539605990001
234842305740001
219001305740001
213565
51347
217549505740001
8554908720009
1786305940001
208832005740001
8956905940005
727505940001
2607305740001
30743605940004
156132605740001
517105940002
14436705330005
5629905940004
127847504710001
130055
155292705740001
4250105740001
9891605940005
3417705740001
35771305940005
43014802100011
923263405760007
10534104320001
188279
263469297710001
18160405990001
3730705940002
61258402100011
10529
1035705740001
22004802100102
26954708560001
2624505940001
1018005940001
78432
24680305990001
71705740001
2447716
5871905940002
33631405940004
3172105740001
77227405940007
11710094710013
58927302100011
233752805740001
25437805940013
1650605740001
1025105940001
1452405740001
71692
11949005710023
1698005180044
314505940001
58699702100011
5698505710023
22046305940006
10170405940013
591905940002
1139105940001
33734205510001
4333605940001
1212105740001
4542905940001
9932205940002
10962805740009
25958505940004
11675104320001
3199505740001
265708
748205740001
155508305740001
788105350015
71227105940007
37219005940006
9124906310023
15278708510009
8639505330005
796005740001
379024
15242705940002
23600408560001
24783305990001
3821405940001
3192405740001
81605740001
9262005330005
6175205940010
397634
17548605990001
2051105940002
3482405740001
3282902100012
26893908560001
253102300082
17372004550006
444757
2782905110005
934619805760007
1692605740001
20387605990001
1578405940001
1458705940001
192681
221905940001
37212405940006
28271605940004
284305940001
593505740001
554405940002
77646002100032
61023
38333805740002
1660905940002
82965802100011
27439908560001
1129105940001
220704105740001
2004405740001
213044105740001
1602805940001
20237608510009
448717
724305940001
754573
37345205940006
4233605940001
1281405940001
74025802100011
941035205760007
479605740001
256261597710001
209988505740001
552525
826805710023
209925905740001
7079804380022
917960005760007
238407605740001
215031605740001
186031702100071
40508302100011
8222205940013
26960708510009
5709794710013
87105940001
16053405990001
5625105940001
847805940001
356475
17304405990001
95405740001
5241905940001
9505902100012
548865
38338002100011
156003705740001
1627305940001
701905740002
19707507760001
20424605990001
47010
16181704320001
24320405580006
164329
27239305990001
34034
667105940001
63220902100011
3964506310023
8627405940013
155821205740001
1208505940001
4726605940001
111337
29745705330005
2987997710014
34157
214604805740001
178998105740001
737605740001
1560305740001
4420504690009
3744505940001
263409597710001
907828005760007
213136305740001
92279605940006
23168108510009
57253405940007
322928
57035
160302300082
9474397710014
8132908720009
21611005990001
13909805940004
26171908560001
27173605940004
5859394710013
220583805740001
27410405740002
5660405940004
23678505940005
4247997710014
142284
36433202100011
460899
6710594710013
1672705740001
45646
17282205990001
24070205990001
26432408560001
8019304380002
155505705740001
214539005740001
19515508720009
144405940001
219597205740001
221389005740001
356802300082
201993105740001
25999608560001
4124605780001
925029205760007
34021505510001
320905940001
206605940001
11324805940005
2509105940002
27123805740002
224667705740001
344698
312039205720022
640505940001
515305940001
71302902100011
90174
66479902100011
27144605990001
11721094710013
65268
1955503550020
220684005740001
165991105740001
2585305740001
52819
1419205940001
81405940001
1960805940001
842531
6565994710013
5733404380002
69975202100011
4030305940001
2941605740001
28145405990001
2019984
8141006310023
762501
52101202100011
5862794710013
1708805940001
80702202100011
254021797710001
1408205940002
1161109910019
40530
717805740001
3918805940002
1643605740001
26499
1709105940001
8895705940005
9508005330005
1125905740001
382844
17367706310023
5980505940010
77957
7162894710013
34057005940004
29405940001
9991005940002
10955704550006
29124108560001
128508370005
1192705940001
1609205990001
1727305940001
925095605760007
4885602100012
92238805940006
8968
30485605940013
22257905940005
331788
4277304550006
10926305430003
13177705940005
3987505940001
3745005940001
474155_bd6e9935
155838205740001
18216005990001
14708370005
20680805990001
23576105510001
54548605940007
16917005990001
8216005940005
214905940001
26240408560001
2237905940001
83080
37189108510009
66438802100032
83589905940007
56422805740002
10687105940013
392905940002
10108605940005
4460005940001
9999105940013
6746503190018
136376104710001
76205940001
587205740001
2640705940002
155243705740001
13336
20726105990001
46287905940010
3274197710014
13864305740009
26486
47377705330005
89496905940007
3467005940001
122374404320001
21434106310023
21465905940004
97905940001
52252
960805740001
8486005940005
21528505430003
491147
213972305740001
909905940001
5688906310023
920605940001
3192297710014
3990305940001
1394005740001
678941
155319405740001
9563005940005
188405940001
109005740001
24008370005
11971305940013
63105940001
11702494710013
2653107730033
11799194710005
359640
206651105740001
95090205940007
5881294710013
1208805940001
2817905740001
164670405740001
3861505940001
10081397710014
4324805940001
17469305990001
217380805740001
10670707770011
9830505990001
19861007770011
425967
8593305780001
23650604320001
27232008560001
8132205940005
27495605940013
2342497710014
221134705740001
25640508560001
13840308510009
232727705740001
11593994710013
8877305940005
230482505740001
25558605940004
500870
6126005940010
24713108510009
28399505940010
37085
1606305940001
3451605940001
132870604710001
229205740001
882505740001
4592105940001
203566
1506806310023
144762209980001
5956305710023
279287697710001
16000605990001
5996605940004
5046903550010
26747308560001
441708720019
11737605330005
790105740002
27513205940006
52252205740002
1219505940001
21046406310023
3616702100012
26123905990001
63807102100011
57944505940007
1229205740001
41325405330005
4723805940001
292605940001
3920605940001
59054602100011
173905740001
39676405350015
16497707770011
4391505740001
3348705720002
4228397710014
26413305510001
393908370005
2397405940001
5173605940004
9019405940004
360605940001
221305105740001
6351894710013
2990405940001
3869305940002
7930905940010
14622208510009
2425706310023
13882907770011
1654305940001
165980005740001
30444
21207905940010
560305740042
8800905940005
7306205330005
9051105330005
133129704710001
5746694710013
9900997710014
40141005350009
8918208720009
631205940001
496230
5286405940001
25383108560001
3498205940002
55811
6046803730013
6281105940004
23807605990001
1333005940001
3367205740042
8772_182b603c
171637705740001
35479608510007
209987705740001
32747205350009
6077605940004
10335705940005
2793105940001
37356302100011
8360905330005
83738505940007
20381105510001
178540505740001
3917497710014
230783
6240805510001
215426405740001
17634404550006
10182797710014
173966105740001
54285
202964
56905940001
141069
15557105760008
127702
67247405170015
218086105740001
73202300082
5875594710013
25697708560001
22480405330005
4404605710024
218877305740001
499705740001
317672
4600705720002
302199
154976105740001
7177707760001
3937305740001
342005740001
27738205580006
1924805740001
4150105990001
20500905990001
38063002100011
104291
1556405740001
3717705740001
175485
9955505940013
2347745
378401
5872305720002
203922305740001
1316305180044
8546405430003
156191905740001
18091805990001
2389205940001
5925997710014
8539605990001
71893905940010
5443294710013
4886005940001
2501405940001
7593805940005
26605
319138
232961105740001
18711105330005
2045736
53448
13026605940004
29740105740009
27740005940013
843905740001
10257
11075405940013
47508
18939907770011
53184205740002
472008370005
38872702100011
5431294710013
155642605740001
25078106310023
4135705940001
217565705740001
6052103730013
11037608720009
52418305940010
54127302100011
1550105180044
447753
4791506310023
2219305740001
1549605940001
526205940001
5178805940004
11069804320001
9934605330005
993705940001
3736805740009
38186
263334197710001
7547905990001
67972002100032
32628105940010
1259405940001
40089705350009
511305940001
1168105940001
32235905350009
187528
202613905740001
6089905940004
39282
9832306310023
3254506310023
2425297710014
2416490
831327
478009
5419005720002
326888
21932005990001
6328505940004
906501105760007
268805940001
8046
140087
4019205940001
3455105350015
882905740001
24012005990001
747305740001
95185805330005
2206805940001
128354304710001
7237305940005
1702805180044
3173197710014
16742205990001
262126997710001
50778805740002
3390304380023
1145105740001
17303305990001
17222704550006
6392094710013
3831305940001
30591905230027
13064708510009
74102300082
180603
35677508510007
2736205740001
540005740001
18012205710023
26460905990001
441063
1599306310023
16351005940004
24307705740002
386756
1753405740001
328905940001
22948605330005
81688502100011
206822008980008
12210905940002
642905940001
56495305740002
188580
9476797710014
1902105330005
143491304710001
42411
4032005940002
5642405790001
676505940001
4334805940001
6857006310023
4970805940001
214915705740001
2660405740001
34331405940005
27942604320001
934005940001
18860105940013
7731405940013
37280005940006
417563
5415594710013
5411304380025
27284205990001
20750805990001
243455205740001
20176205990001
2472005940001
36306202100011
80290905940007
5809594710013
36296002100011
1892305180044
4020305940001
1941005940002
546506310023
16712405940013
1946305940001
27192005350009
18344105710023
173743905740001
6177094710013
156146105740001
2453205430003
301839
76768002100011
35500705510001
4236405740001
3208705940001
5824994710013
3723205940002
4681405940001
4024405940002
3430305740001
6845204380022
70560605940007
6161294710013
262743797710001
5162305330005
23505940001
1543105940001
566206310023
2007406310023
21457205990001
9681205940013
662505740042
333438
9195297710014
2730605780001
64193
2578705740001
14017804550006
36331508510007
6302605740009
37646908510007
380536
4558005740001
4723005940001
2399597710014
52482
3025805940002
4045605740001
253716097710001
219887005740001
160404710040
35358905940004
220610405740001
14556003550010
222234505740001
2007306310023
7026497710014
105947
156052405740001
13093105990001
35972008510007
55583105940007
2792805350015
7362605740042
17299605990001
8576605940005
913290105760007
781606310023
914423705760007
449778
40415102100011
30742205940004
60414802100011
314149205720022
25966405940013
1531906310023
24367305940004
28409508560001
8732005330005
37261805940006
7877005940013
2815205940002
28210308560001
4054205940001
5765394710013
4100005940002
3286805940002
5729394710013
17778204550006
2411705940001
9582905940005
1077405940001
31419005330005
35145505940004
914210605760007
37457402100011
500866
418289
198491
8097797710014
22150205990001
5836094710013
9521306310023
34159605940004
20398605940004
212376802100071
10521105710023
4319305940001
2413392
19506006310023
274594
364905940002
65405940001
262456497710001
25543605230034
7056294710013
64299902100071
20490004380022
2909205740001
19470905990001
4508505940001
38207808510007
920809105760007
216725705740001
15014705740009
201989105740001
3033305740001
538305940001
203521605740001
1408005940002
257011697710001
8033505740009
2993305940001
1443705940001
722205740001
25796905940010
24087305990001
42389108510007
2042505940001
36824305940006
932336405760007
11104405940004
1128705740001
11151705940005
65845102100011
218125105740001
25531805230034
29728805350009
158816005740001
14220605330005
392237
21160505990001
544621
8610805940005
2055905180044
5877094710013
76298102100011
213602
216934605740001
12789604550006
5809794710013
1369905180044
13340205940004
302290
609105740001
708305110005
5887194710013
4386805740001
183957005740001
26862005990001
3982305940001
231848605740001
25405105230034
9163305940013
12106304320001
189072
27006206310023
21064605990001
15705940001
273505940001
27847705350015
11458797710014
218022005740001
1128205940001
2117105740001
2184105330005
3979706310023
211691697710001
37666108510007
17741605990001
47918405940010
13906404550006
225983405740001
130284
4546305940001
102205940001
2638305740001
97008370005
2396621
34089_51cdef3a
328105940001
4508805940001
479162
2939805940001
25061205350009
1849506310023
11444902100012
11395497710014
20871505990001
2840306310023
16394104550006
17280
5726605940004
23438405990001
25425405230034
2167805740001
5514805720002
126120104320001
1069405740001
25204005990001
66417502100071
4765005740001
25274305990001
834305380049
25682005990001
5980905510001
25253105510001
14886205350015
3973905940002
155996605740001
2003405350015
37240405940006
28152105700014
5412394710013
2034004320001
4305705940002
148908310042
6548094710013
6162094710013
937034205760007
17397
4472405940001
4006105940001
28309005350009
1286505740001
1564305740042
185164905740001
9490405330005
50098
26330905940005
1736905740001
5399805940001
2447868
3173805940002
16299504550006
74876602100071
17654905940013
72125902100071
353605740001
317604
311294705720022
188472
96132
219522
53514
850305740001
4436105940001
476521
201309505740001
133790204710001
143182
915908405760007
29193208510009
910365305760007
9994505740009
57219805740002
905311905760007
28274905990001
598705780001
11713194710013
64672302100071
223192505740001
26156808560001
703008370005
8384505740009
1161805740001
123226
342654
2062504320014
19877305330005
20502705990001
61269305940010
90805940001
6813304550006
174184605740001
2680806310023
216703805740001
253639197710001
14821797710014
27746405940004
3542108720009
23190908560001
321902300082
203052_2ff7164b
936743405760007
83105740001
19821105990001
173975205740001
1311005740001
9332405940004
4664505740001
1756505940001
2112024
1754005940001
35238208510007
53904802100011
501535
68051202100011
315218305720022
174201405740001
1440805940001
4336305350015
71692102100032
5670505940001
7450994710013
912063705760007
138113
15412805940002
17602203190018
8872705940005
3814305940001
8493308720009
7124894710013
5881494710013
9196304550006
1831005740001
218143705740001
906205940001
8786506310023
3736006310023
20728605940004
20097305990001
29554405350009
283170
1374805740001
3561205940001
3182705940002
154976705740001
4892305740001
206711405740001
50599005740002
875405740001
884505170015
173693405740001
218007805740001
5857605940002
27878905940013
22537604320001
492525
25841008560001
25940305940004
17139804550006
403705940002
60320
2132606310023
11483504320001
81172302100011
2530505740001
27180905330005
31413904320001
41804
3795902400048
182016505740001
1465308790019
4875305940002
3849505940001
3836005740009
501405740042
1983605180044
118405940001
398980
37422605940010
3789404380023
2400405940001
139166304710001
7981905170015
11984
925743905760007
187591
7303405940004
96436
37611705740002
4295805940001
837305940001
132439
268145
4703705740001
363105740001
697407760001
4946205720002
361305740001
4874305740009
204266305740001
458110
9312205940002
303305740001
289175505710050
3288097710014
1490905940002
6581407760001
3204005740001
2868005940001
21034005990001
69952605940007
8152904550006
456305740001
150905940001
26287805510001
747405740001
5968705990001
5936997710014
2136904320001
34441808510007
4035005710023
47656605940010
42063405330005
4731005940002
38054608510007
174050405740001
26708005940002
33481205580006
127747
368819
27902508560001
215233205740001
12090608510009
254613297710001
5540203550010
41823
307641
314576305720022
12375505940004
21778408510009
12532704320001
218365405740001
286405940001
12110408720009
519705940001
13572
17942406310023
21137605740002
5666605940002
905679605760007
78521
7960605940005
77378202100011
1256505940001
178234
3354504380004
161216004710001
244307205740001
35272705940006
13924405940002
36892_1c1d587a
1093608760022
254820797710001
3865405740001
4036505940002
1251506310023
5458194710013
4087405740009
8762606310023
62497802100011
68068405940007
139379904710001
3724305740001
8567105940005
214037408980008
4446897710014
24384705990001
3632705180044
10093208720009
46205740001
283903730013
1884705740001
2451205940001
1094505740001
605005940001
70477602100011
13549004320001
5188505940004
70940002100011
24225705740009
1277305940001
17335108510009
29726608510009
2413905940001
8358306310023
166407205740001
45421102100011
19469605740002
22601305330005
68583705940010
110891
14850605940004
10306
4998005940001
5437694710013
1829905740001
55132805740002
9099105330005
12167708510009
1820097710014
19104205990001
3395805740042
15859005940013
317073905720022
11608194710013
231349005740001
3897005940001
1503607760001
4026005940001
23994905350009
956877705760007
61119902100011
416339
130005940001
751203730013
1151905740001
358710
504097
2301305180044
155480705740001
474045
907855005760007
64204402100011
500748
266987997710001
20238905990001
152019
2784206310023
17405940001
6518994710013
8466305940013
3838805940001
5697105940004
12940403730013
25346105230034
8976905330005
217857105740001
2030667
4476805430003
6134305940010
3979205180044
924305940001
8831005990001
47837202100011
3805305940001
21604005990001
5437494710013
307005940002
2426605940001
2388705940001
5001805940001
27837505990001
488022
24135605740002
3773297710014
4354905740001
7999403730013
47420405940010
20398205940004
210445005740001
203093305740001
19878905990001
39167102100011
17672605940004
34156505940004
1214405940001
9579205940013
160053304710001
28950408510009
14690308510009
199016
181829
23251
215445305740001
57726805740002
34709808510007
2251405940001
210219605740001
306613
37455
11041302100012
6936805330005
6293404380022
4544305940002
155719205740001
17502805990001
329599
39161302100011
307105940001
15291005940002
17563205990001
4111405740001
30783305940004
359192
18594
150278
33619_602b0933
1955705740042
2540405940001
27769405940005
40343402100011
155900
3309306310023
13824305740009
3383305940001
129472504710001
34331705940006
4330705940001
40440108510007
8037705740009
3861206310023
3770002400048
20179505990001
67206205170015
476264
829905940001
250805940001
122005740001
206703405740001
61677203550010
1525605740001
3505740042
161132
836705740001
134805940001
8975405350015
609205940001
5613306310023
320793
214543105740001
50115505740002
86902300082
531103730013
4010403550010
62350302100011
833105740001
1464405740042
2798306310023
381118
1321005940001
12135104320001
505798
52946102100011
908034305760007
14425907760001
624208370005
3617604380023
1315904380023
26830705510001
29902
82605940001
5436794710013
139692
47681402100011
196203909980001
3148105330005
322605940001
50015102100011
53427905940010
58838905940007
2088005940001
145112
957005940001
20704005740002
217019805740001
256002300082
191469
920183105760007
2401605940001
192751
3607605740001
358542
2160105180044
6313605740002
1683005940001
632705940001
1459905940001
204836805740001
3361005940001
8548305940005
3448002800030
3078405740009
777706310023
147905740001
67705940001
42156208510007
4716008720009
854387
16267404550006
47249
1550605740001
373995
52445005740002
20644405510001
324963
11195497710014
42813
16934304550006
282675
4469005940001
42712305330005
4621105740001
3122205740001
1472405940001
8651505330005
11075805940002
4721105940002
1241405740001
41673902100011
142205940001
364536
60642205940010
77435
395505780001
175691
208266005740001
4632605740009
596705740001
10473005710023
172549
3291205740001
2824605740001
25581605230034
18159607770011
2233505180044
2974105940001
219684
1047203730013
130710
4149205940001
22874408510009
1261305180044
30628405230027
68686402100011
5775406310023
27656705940005
166248405740001
9098005780001
3534006310023
16812906310023
63918705940007
22598606310023
267073
441425
815662
5763797710014
455755
4855705740001
266289
150287
1282305740001
933005740001
19960105740009
1296108830020
15299804550006
79022405940007
3093905940001
382647
2009005940001
345846
816905740001
4486906310023
39118002100011
2257105740001
70192602100011
155497705740001
1172905740001
186598
140458304710001
42230105940004
188269
210706
10386
3606505940002
345025
3067005940001
26713105990001
2103205740001
7909397710014
26328908560001
1150705740001
461923
232126605740001
9161_a97ec409
16917403190018
3803305940001
3595806310023
16421005990001
2313106310023
5714794710013
19896505940013
22424805990001
6242597710014
9249905330005
36135
31105005940001
78225202100011
129090
453764
3642206310023
800052
17362604550006
3309205940001
1338205940001
17617706310023
3858805940001
15626005710023
4654805510001
81208005940007
1532205740001
8241805940013
13912903550010
5565905940001
19800005940010
3879305740001
25549005230034
7209006310023
458670
311257105720022
156012605740001
444105940002
418603
5107005510001
344250
440949
2342605740042
50508102100011
46281
225505940001
87553
15859205940005
462923
61905430003
960005940001
288105740001
70263402100011
396454
325405940001
26868905990001
174281405740001
138105940001
1936797710014
32121805940005
14979805940002
14393508510009
4872805940001
5851894710013
16410905990001
45818405740002
4235305740001
56800805740002
134121
1175005740001
520720
8698405330005
6669994710013
12506307760001
2296705740001
6158894710013
505833
16471105990001
6417305940004
37409108510007
4982405990001
56206
136214004710001
16797905990001
68372402100071
4506405940001
1743905740001
12947804550006
2620705740002
207358705740001
108944
3237505940002
24182605990001
3705105940002
10841006310023
1772505940001
11474408510009
16579505990001
207523805740001
782211
17610105990001
189347
2705906310023
1015105740001
906973905760007
8074405430003
238377505740001
2261905740001
220912
8779105330005
2198905180044
174263
246605740001
92248805940006
938163805760007
11217405940004
910505740001
155480305740001
5131597710014
173609205740001
214912305740001
26960405580006
4181905940001
1340505740001
37131002100011
38002300082
1587105940001
37464605940013
2400905740001
4886905940001
48677802100011
2267705
3831606910019
118505740001
27262205990001
432378
5825094710013
1585105740001
8957805940005
19886907770011
44794802100011
7395704550006
38365
5109905740042
406222
1802205180044
7286405330005
793206310023
156788405740001
17015005990001
58709005740002
3010305940001
12122305940005
126121304320001
18393905990001
1705205940001
4325005940001
2982005940001
534502300082
13593105940004
22954705940005
32901405740002
1143105740001
5485805940001
238790705740001
16423605990001
38434602100011
3968405940001
259719997710001
38078908510007
8187905940005
173841905740001
723103730013
261366097710001
107902300082
414005740001
155358605740001
3785105940001
417279
2319397710014
18500505740002
14503905780001
543167
16929205990001
34383905330005
7696705940005
57115105740002
25664005990001
20373107770011
26672508510009
6107805940010
70407002100071
37862002100011
8798605330005
17740105430003
21812905990001
208179105740001
8087404550006
327405940001
28849005350009
155337005740001
1769005940001
9789305940013
11907904320001
478840
3067005180044
12208705940002
1567505180044
1811006310023
253648797710001
21501405990001
227721105740001
3627905740001
947305740001
2791805740001
59466005940007
12808505740009
10490605940005
2681105740001
928695905760007
11248705940013
2885305940001
2895503550010
986105740001
3973205740001
2411305180044
163107
5726294710013
401103730013
21767705990001
2981105940001
51830105740002
2535205180044
455981
29434105510001
3536405740001
481003730013
144112
20130204320001
7731904550006
28052605990001
53664202100011
105920
255741997710001
5238605940001
25511005230034
527205940002
237705430003
1879906310023
5970805740051
24402705510001
917501105760007
1482405740001
207782605740001
205859305740001
2100805720002
43766_5074ed7c
905666105760007
2469806310023
1906697710014
46341
3896505940001
37091608510007
286310
13157405430003
3244605940002
12632004380002
11650205740009
294534
204200605740001
487360
15959405990001
9421905330005
4687705940001
15535905780001
8493505330005
280305940001
23921205990001
139889504710001
12068805940005
743705740001
5814494710013
315077705720022
39529002100011
7124805940013
3296206310023
14931505710023
4173305740042
34359905350009
95176305940007
5449905940001
14469208510009
19883505740009
43404705740002
188776
10864705710023
5186205940004
68272502100011
159028104710001
4778305740001
1593505740042
3348505740001
6124702400048
847284
1211705940001
590705940001
197590
4025505940001
3970305940001
9442305940005
316720305720022
12518803550010
4353905740001
238640605740001
3990405940001
24253205580006
214627405740001
3209505940002
51421
3918905940001
7563407770011
79707302100011
3353104380023
3533205940001
5740294710013
73350302100011
4929605940001
193857305740001
582805940001
29343605330005
276093597710001
10144605940013
263172197710001
6254305940004
3450505940001
4428505180044
857405740001
1406505940001
1810205180044
6280705790001
215091005740001
400050
18926
795705740001
518246
24672705990001
549675
5715794710013
4434604690009
26718905940005
62996802100011
28415204320002
59976702100011
19853
1711797710014
52815
1678308790019
9489005940004
155642705740001
4322297710014
798005740001
1078258
79327502100011
308413
201541005740001
2427860
11647104550006
173108370005
5744705780001
4747705940001
28074605940004
176705940001
78505940002
263053297710001
924049305760007
1291505940001
4825905940001
6007005940010
37391302100011
6582105740009
214170
13056905330005
4398705940001
530265
75338302100011
1006005940001
64788302100011
4268905940001
16992007770011
3227505740001
2541605940001
314186905720022
155057805740001
5131605710023
12099304320001
790406
42170605940004
28106505990001
591705940001
4365105740001
331089
202617705740001
161853_e13361c3
3202705740001
33619
4325605940002
35664605350009
5456794710013
155441205740001
8455304320002
4716905940002
21082505330005
9914205940013
48358502100011
65940402100071
54624205740002
2078405740001
8776205940004
26477208560001
11189205940005
947009705760007
155456605740001
11479305430003
253582997710001
861705740001
4657602400048
9205505940005
1494805940001
4743105740001
5880494710013
738505740001
606713
26634105990001
424366
30068
5434794710013
1740405940001
476068
2813505940002
3052205740001
204090605740001
13363306310023
976705180044
187099
262275797710001
19425205990001
23146305990001
7624606310023
16916305330005
906843905760007
217341305740001
2614305940001
238589705740001
14166005330005
51134202100011
27574405330005
28080608560001
236778505740001
1184805740042
28377005990001
5455105940001
84101
4327705940001
1014705940001
2005005940001
144800
7974205940005
20716505350015
2434205940001
20081305940005
150119409980001
2615405940001
223313405740001
221283005740001
1586205940001
13395605710023
30219005740009
4609606310023
29172105940004
4842005740001
502650
914459605760007
671305740001
23194305940013
4442105940002
8198
17167005940005
25146505990001
153125
92122405940006
83956
194624902100071
1971105940001
13015404550006
144209
5862594710013
42228005940004
13782305940004
16850805990001
56502905330005
2541805780001
1290005740001
2124605940001
34561005940004
47805940001
56743105740002
54455702100011
277830
1072405740001
1605940001
5855294710013
8756005940005
284399
80206
130639
12616108510009
26788705990001
174320105740001
8869305940005
107946705940002
29824108510009
209853005740001
3728105940001
23321705990001
28981905740002
21609705940013
159602305740001
27640405330005
678803730013
26986508510009
5738294710013
2264605740001
2154006310023
212973105740001
72063002100011
1721206910020
314574205720022
215637505740001
17289907770011
236053
25392105230034
303382
26545708560001
51118
36144608510007
3331805740001
79271
4575105180044
35122008510007
70446705940007
802405940002
55345502100011
381489
3029905940002
24631205990001
4270705940001
2297005940001
28719405940010
155622405740001
10983305940013
4978706910019
5854994710013
56197
243706205740001
809649
923805940001
919905940001
2446705940002
15348405940002
21520805510001
6532394710013
1062005940001
8124304550006
269707730033
272505940001
345294
257205940001
365485
2239105940001
5810194710013
2110805740001
3252405180044
5884994710013
116405940001
34106805940004
9366505780001
53575505740002
2467505740001
50305740001
271859497710001
15434205940002
2482405330005
3215505330005
26391
4715005940001
5359805740042
5728805940004
731705940001
2651205940001
668305740001
2084405180044
47125702100011
198188
52405940001
37441
467641
1625306310023
5851494710013
4489705940002
10736804320001
346563
6201305350015
14012005940002
3832805740001
4606897710014
710305740001
3556906310023
123118
8500
17298604550006
29762405350009
1604002400048
245947405740001
1457205940001
2175005940001
4164505780001
39
31068805940013
11469404380002
917530105760007
30884405940005
203404605740001
961487705760007
204706705740001
3812705940001
256218797710001
5363405940001
2271705940001
8450402100012
16904905710023
5543705940002
174281505740001
242401105740001
197902400048
111602300082
21774805990001
2503505940001
1174405740001
12250708510009
14004608510009
231306005740001
359340
12938406310023
956416005760007
11093203550010
54602300082
1505105940001
254145297710001
4509304380022
27138405350009
882505180044
34226105940006
32782405330005
51294302100011
223584305740001
328305940001
910912105760007
2583405430007
128495004710001
21088605990001
528906310023
18043705990001
4608304550006
15204105990001
11557107790010
84591705940007
41366905330005
1155305940001
97633605940007
1749705940001
5416194710013
203909805740001
427014
34062
4066605740001
11651304320001
9628305940004
471682
26701205330005
2281105940001
5816494710013
228819305740001
77020
7320204550006
447898
408105740001
29352708510009
361355
10349005940013
5634305330005
39585005940010
8888105940005
1112805940001
407503730013
4490605940001
220693305740001
1351705940001
44386705940010
5390494710013
753580
33336
43157005940004
4428405940001
136805940001
22489005940006
198122
3991505940001
23656305990001
19590505990001
18265505330005
149623704710001
73896602100011
31849
34038
26605105940013
239105940001
27882608560001
1470805740009
47704
2681605740001
24273805990001
5744294710013
6664106310023
270652497710001
250308370005
257702400048
501879
55870102100032
201933205740001
4917497710014
7802097710014
4586605740001
61694302100011
4840605940002
3155006310023
8256905330005
70523202100011
535405740001
17820105990001
5176205720002
173102305740001
25259707760001
817864
128438604710001
535205740001
6562294710013
2083405180044
227595805740001
4571205740001
1630705940001
10320105940013
19258105990001
246805740001
4200405740001
5885094710013
4005805940001
216190205740001
88805940001
44181605330005
51434302100011
1430405180044
56000405940010
24744205990001
12637905710023
1140005150010
19235005940004
217676405740001
231383005740001
30792
23931105990001
155716205740001
33952505940005
6506506310023
27730305990001
1529205940001
205708608980008
55315_a112a860
6357594710013
22470705940006
4834605940001
4817405940001
5360605940001
3214402100032
906705105760007
4626506310023
222971305740001
27959408560001
300505740001
10020203730013
7808597710014
4294105780001
296905740001
858505940001
20728505990001
3942805940001
4495305940001
2154305740001
1747005940001
80615105940007
28925805940013
42422
326505940001
43263202100011
30691205740009
623552
295652
174053605740001
313774
3319006310023
140810
4641905940001
3773105940001
216947705740001
73205740001
6634494710013
10096705940004
4718405780001
12567206310023
25542805510001
21500905990001
8925403730013
4015705740001
16967008510009
63711602100011
4722605940002
3134997710014
353856
4695705940001
16431008510009
1216104380023
26207705510001
9072605940005
2095205940001
25897705940013
16950905990001
1158905110005
33345705740002
984505740001
4200406310023
6309909980001
3608305940001
27208305990001
1403905740001
2717304550006
32934005940005
4183705940001
2159134
11353006310023
230505740001
23324605990001
30213405230027
358940
52495605740002
217787605740001
23033105940013
54646402100011
12187997710014
3985505940002
1641703730013
201979005740001
961398505760007
2514005940001
43652
3351105940002
2098505740001
1140705150010
4380805740001
20879805510001
20314105990001
24065905940013
1988704320001
937105940001
82978
36428608510007
16069105990001
25302405990001
222916705740001
3701897710014
122277
3776805940001
30614505230027
1236905940001
17478205710023
46249302100011
19329305990001
79915305940007
910134105760007
3816105940001
12071805940005
7674505330005
19441105990001
1449705740001
954762705760007
106023
83247802100011
459932
79636
4817605990001
202915405740001
25953005740009
17658505940005
33637505940013
101905940001
1255405740042
2701505180044
94289805940007
155571005740001
128725004710001
25375705230034
5819494710013
618605330005
26119205350009
2193397710014
3493105940001
223084605740001
27479805940010
26655005990001
19941507770011
9617706310023
1635105940001
169599205740001
985505940001
17905405710023
1611706310023
29452
8068505940005
10481305330005
696505740001
2988205740001
755605740001
47485
20111505940004
2784006310023
3819305740001
24701705940010
14008906310023
357894
1775805940001
9349805940013
61967705940007
224405940001
7288205740009
14351305430003
15911805940013
8396507770011
52108360027
105893005940007
14262805780001
3148105740001
51900102100011
295547
17661204550006
415433
2622305740001
2424633
314049305720022
2196405740001
2587205940001
3150306310023
672308370005
84783_5b50600a
912221405760007
44798602100011
150589809980001
1222005940001
9051305330005
24921305990001
8603005330005
1723605740001
4264105940002
239613305740001
1395905940001
13989607770011
2131905180044
149205740001
6267105940004
132050604710001
20096905990001
7051194710013
61327
5631307760001
914102405760007
1284305940001
132205940001
31346405510001
13418608510009
75014902100011
905567005760007
133008370005
227041305740001
2908205430003
214919205740001
1989705740001
577705940001
8122905940005
4538705940001
2786005740001
51360002100011
261975197710001
4087005740001
1012005740042
394185
2037438
133069
4229006310023
22478905510001
570605940001
5762194710013
42971905350009
2041806310023
240253
155644305740001
10830505940013
74190102100071
12858607770011
15749
7925905350015
4856705940001
145205940001
25334305990001
530905940001
271707097710001
2119805940001
997305940001
18431905940004
4998305940002
72206102100011
21501406310023
21540105940013
25196105990001
16499605940004
3446805940002
4244205940002
1340906310023
15804004550006
1305605940002
5413394710013
4359605940001
45452102100011
364550
4640105940002
15663208510009
155845205740001
215052205740001
4306905940001
552903730013
24609808510009
551505740001
8905805940005
86705940001
1775605940001
7359804380002
2251505740001
5760705940004
27168005580006
2418505940001
64579902100071
14154606310023
3321105940001
1175505940001
13920405940002
23442705750011
133151004710001
14156604550006
104304505940007
228509305740001
921105940001
2356105740001
803563
92088605940006
11203805940005
3432005940001
1365505940001
2314107760001
25110405990001
17296
50470805940010
6546705940013
4747405740001
3866605350015
4188705940001
309903
218195805740001
7362505940013
22366105940006
45408370005
69105710023
2617805940001
203916505740001
789347
56062402100032
17541405990001
174243505740001
71005940001
140203
5765194710013
15348805710023
14798305330005
8541105330005
244042805740001
13274104550006
24294205740002
30515
3754905740001
16691205990001
11110903730013
5819694710013
32418
946117305760007
100273
7016205990001
73673405940007
202905940001
387107760001
9651605790001
2176265
958505940001
29323405940025
163022905740001
62511
20956105990001
60686402100011
260905940002
10175205710023
51105740001
201313305740001
47010905940010
2865706310023
166634205740001
34517508510007
262905940001
72466605940010
16909
10693805350015
801905740042
253922597710001
696905740001
5430094710013
93705205940007
3974805940002
4013005940001
1361005330005
938273505760007
4521905940001
20233205940010
1981605740009
165537805740001
12719405940013
155405940001
5877294710013
6310304380022
18256907770011
22799505940010
37409
41972508510007
9121397710014
460701
914739705760007
260405940001
735105940001
834205940001
24989608510009
18369505740002
2616705430003
187605940001
522605740001
415325
6036205980001
224209305740001
31420005740002
85385405350009
223274605740001
138558_03cdeed7
2633806310023
42302300082
314567105720022
11814594710013
234505940001
1314205940001
32443
22820505990001
816207
26501205990001
3945705940001
5306005940001
20336507760001
24739805990001
714472
20617903550010
1417605740001
262952097710001
2224505740001
365897
38278908510007
20316208510009
377753
509908370005
2712405740001
39536802100011
15990005990001
2381805940001
14890105330005
2823204550006
2336605940001
12625905740009
1404406310023
21558905990001
8958605940005
3738805940002
2859508720009
79748102100011
14818305330005
3933305940001
174086
721505940001
52357102100011
12510508720009
2614006310023
962005740001
35131905940013
37159305940006
156363105740001
395195
155604105740001
1605305740001
3412805740001
225819205740001
19951505940013
27123805510001
345205940001
4535305740042
20208005990001
104008805940007
27132608560001
9223906310023
50041402100011
228640605740001
4482605940001
7639
217622505740001
8338405940005
1151705740001
95523705940007
618581
23807205330005
227505940001
155748
1169605180044
1179105740001
4516905940001
924391405760007
15444305940002
766205740001
1605605940001
1835505740001
230766
24748705990001
268711
1141605740001
166512605740001